filename,classification
SNUADC_ART_101_flushes_0.png,not_flush
SNUADC_ART_101_flushes_1.png,not_flush
SNUADC_ART_101_flushes_10.png,not_flush
SNUADC_ART_101_flushes_11.png,flush
SNUADC_ART_101_flushes_12.png,flush
SNUADC_ART_101_flushes_13.png,flush
SNUADC_ART_101_flushes_14.png,flush
SNUADC_ART_101_flushes_15.png,not_flush
SNUADC_ART_101_flushes_16.png,not_flush
SNUADC_ART_101_flushes_17.png,not_flush
SNUADC_ART_101_flushes_2.png,flush
SNUADC_ART_101_flushes_3.png,flush
SNUADC_ART_101_flushes_4.png,flush
SNUADC_ART_101_flushes_5.png,not_flush
SNUADC_ART_101_flushes_6.png,not_flush
SNUADC_ART_101_flushes_7.png,not_flush
SNUADC_ART_101_flushes_8.png,not_flush
SNUADC_ART_101_flushes_9.png,not_flush
SNUADC_ART_103_flushes_0.png,flush
SNUADC_ART_103_flushes_1.png,not_flush
SNUADC_ART_103_flushes_2.png,not_flush
SNUADC_ART_103_flushes_3.png,flush
SNUADC_ART_103_flushes_4.png,flush
SNUADC_ART_103_flushes_5.png,flush
SNUADC_ART_103_flushes_6.png,not_flush
SNUADC_ART_103_flushes_7.png,not_flush
SNUADC_ART_104_flushes_0.png,not_flush
SNUADC_ART_104_flushes_1.png,flush
SNUADC_ART_104_flushes_2.png,flush
SNUADC_ART_104_flushes_3.png,not_flush
SNUADC_ART_104_flushes_4.png,flush
SNUADC_ART_105_flushes_0.png,not_flush
SNUADC_ART_105_flushes_1.png,not_flush
SNUADC_ART_105_flushes_2.png,flush
SNUADC_ART_105_flushes_3.png,not_flush
SNUADC_ART_105_flushes_4.png,not_flush
SNUADC_ART_105_flushes_5.png,flush
SNUADC_ART_105_flushes_6.png,not_flush
SNUADC_ART_105_flushes_7.png,not_flush
SNUADC_ART_108_flushes_0.png,not_flush
SNUADC_ART_108_flushes_1.png,not_flush
SNUADC_ART_108_flushes_2.png,not_flush
SNUADC_ART_108_flushes_3.png,not_flush
SNUADC_ART_10_flushes_0.png,flush
SNUADC_ART_10_flushes_1.png,flush
SNUADC_ART_10_flushes_10.png,not_flush
SNUADC_ART_10_flushes_11.png,not_flush
SNUADC_ART_10_flushes_12.png,not_flush
SNUADC_ART_10_flushes_13.png,not_flush
SNUADC_ART_10_flushes_14.png,not_flush
SNUADC_ART_10_flushes_15.png,not_flush
SNUADC_ART_10_flushes_16.png,not_flush
SNUADC_ART_10_flushes_17.png,not_flush
SNUADC_ART_10_flushes_18.png,not_flush
SNUADC_ART_10_flushes_19.png,not_flush
SNUADC_ART_10_flushes_2.png,not_flush
SNUADC_ART_10_flushes_20.png,not_flush
SNUADC_ART_10_flushes_21.png,not_flush
SNUADC_ART_10_flushes_3.png,not_flush
SNUADC_ART_10_flushes_4.png,not_flush
SNUADC_ART_10_flushes_5.png,not_flush
SNUADC_ART_10_flushes_6.png,not_flush
SNUADC_ART_10_flushes_7.png,flush
SNUADC_ART_10_flushes_8.png,flush
SNUADC_ART_10_flushes_9.png,flush
SNUADC_ART_110_flushes_0.png,flush
SNUADC_ART_110_flushes_1.png,flush
SNUADC_ART_111_flushes_0.png,not_flush
SNUADC_ART_111_flushes_1.png,flush
SNUADC_ART_111_flushes_10.png,not_flush
SNUADC_ART_111_flushes_11.png,flush
SNUADC_ART_111_flushes_12.png,flush
SNUADC_ART_111_flushes_13.png,not_flush
SNUADC_ART_111_flushes_14.png,flush
SNUADC_ART_111_flushes_15.png,not_flush
SNUADC_ART_111_flushes_16.png,flush
SNUADC_ART_111_flushes_17.png,not_flush
SNUADC_ART_111_flushes_18.png,flush
SNUADC_ART_111_flushes_19.png,not_flush
SNUADC_ART_111_flushes_2.png,not_flush
SNUADC_ART_111_flushes_20.png,flush
SNUADC_ART_111_flushes_21.png,not_flush
SNUADC_ART_111_flushes_22.png,flush
SNUADC_ART_111_flushes_23.png,not_flush
SNUADC_ART_111_flushes_24.png,flush
SNUADC_ART_111_flushes_25.png,not_flush
SNUADC_ART_111_flushes_26.png,flush
SNUADC_ART_111_flushes_27.png,not_flush
SNUADC_ART_111_flushes_28.png,flush
SNUADC_ART_111_flushes_29.png,not_flush
SNUADC_ART_111_flushes_3.png,flush
SNUADC_ART_111_flushes_30.png,flush
SNUADC_ART_111_flushes_31.png,not_flush
SNUADC_ART_111_flushes_32.png,flush
SNUADC_ART_111_flushes_33.png,flush
SNUADC_ART_111_flushes_34.png,not_flush
SNUADC_ART_111_flushes_35.png,flush
SNUADC_ART_111_flushes_36.png,not_flush
SNUADC_ART_111_flushes_37.png,flush
SNUADC_ART_111_flushes_38.png,not_flush
SNUADC_ART_111_flushes_39.png,flush
SNUADC_ART_111_flushes_4.png,not_flush
SNUADC_ART_111_flushes_5.png,flush
SNUADC_ART_111_flushes_6.png,not_flush
SNUADC_ART_111_flushes_7.png,flush
SNUADC_ART_111_flushes_8.png,not_flush
SNUADC_ART_111_flushes_9.png,flush
SNUADC_ART_112_flushes_0.png,not_flush
SNUADC_ART_112_flushes_1.png,not_flush
SNUADC_ART_112_flushes_2.png,not_flush
SNUADC_ART_112_flushes_3.png,not_flush
SNUADC_ART_112_flushes_4.png,flush
SNUADC_ART_112_flushes_5.png,not_flush
SNUADC_ART_112_flushes_6.png,flush
SNUADC_ART_114_flushes_0.png,not_flush
SNUADC_ART_114_flushes_1.png,not_flush
SNUADC_ART_114_flushes_10.png,not_flush
SNUADC_ART_114_flushes_2.png,not_flush
SNUADC_ART_114_flushes_3.png,flush
SNUADC_ART_114_flushes_4.png,flush
SNUADC_ART_114_flushes_5.png,not_flush
SNUADC_ART_114_flushes_6.png,flush
SNUADC_ART_114_flushes_7.png,not_flush
SNUADC_ART_114_flushes_8.png,not_flush
SNUADC_ART_114_flushes_9.png,not_flush
SNUADC_ART_116_flushes_0.png,flush
SNUADC_ART_116_flushes_1.png,flush
SNUADC_ART_116_flushes_2.png,flush
SNUADC_ART_117_flushes_0.png,flush
SNUADC_ART_117_flushes_1.png,not_flush
SNUADC_ART_117_flushes_2.png,not_flush
SNUADC_ART_117_flushes_3.png,not_flush
SNUADC_ART_117_flushes_4.png,not_flush
SNUADC_ART_118_flushes_0.png,not_flush
SNUADC_ART_118_flushes_1.png,not_flush
SNUADC_ART_118_flushes_10.png,flush
SNUADC_ART_118_flushes_11.png,not_flush
SNUADC_ART_118_flushes_12.png,flush
SNUADC_ART_118_flushes_13.png,flush
SNUADC_ART_118_flushes_14.png,flush
SNUADC_ART_118_flushes_15.png,not_flush
SNUADC_ART_118_flushes_16.png,flush
SNUADC_ART_118_flushes_2.png,not_flush
SNUADC_ART_118_flushes_3.png,not_flush
SNUADC_ART_118_flushes_4.png,not_flush
SNUADC_ART_118_flushes_5.png,flush
SNUADC_ART_118_flushes_6.png,not_flush
SNUADC_ART_118_flushes_7.png,flush
SNUADC_ART_118_flushes_8.png,flush
SNUADC_ART_118_flushes_9.png,not_flush
SNUADC_ART_119_flushes_0.png,not_flush
SNUADC_ART_119_flushes_1.png,not_flush
SNUADC_ART_119_flushes_2.png,not_flush
SNUADC_ART_119_flushes_3.png,not_flush
SNUADC_ART_119_flushes_4.png,not_flush
SNUADC_ART_119_flushes_5.png,not_flush
SNUADC_ART_119_flushes_6.png,not_flush
SNUADC_ART_119_flushes_7.png,not_flush
SNUADC_ART_119_flushes_8.png,flush
SNUADC_ART_124_flushes_0.png,not_flush
SNUADC_ART_124_flushes_1.png,flush
SNUADC_ART_125_flushes_0.png,not_flush
SNUADC_ART_126_flushes_0.png,not_flush
SNUADC_ART_126_flushes_1.png,flush
SNUADC_ART_126_flushes_2.png,not_flush
SNUADC_ART_126_flushes_3.png,not_flush
SNUADC_ART_126_flushes_4.png,not_flush
SNUADC_ART_126_flushes_5.png,not_flush
SNUADC_ART_126_flushes_6.png,not_flush
SNUADC_ART_128_flushes_0.png,not_flush
SNUADC_ART_128_flushes_1.png,not_flush
SNUADC_ART_128_flushes_2.png,not_flush
SNUADC_ART_128_flushes_3.png,not_flush
SNUADC_ART_128_flushes_4.png,not_flush
SNUADC_ART_128_flushes_5.png,flush
SNUADC_ART_128_flushes_6.png,not_flush
SNUADC_ART_128_flushes_7.png,not_flush
SNUADC_ART_128_flushes_8.png,flush
SNUADC_ART_12_flushes_0.png,not_flush
SNUADC_ART_12_flushes_1.png,not_flush
SNUADC_ART_12_flushes_10.png,not_flush
SNUADC_ART_12_flushes_11.png,not_flush
SNUADC_ART_12_flushes_12.png,not_flush
SNUADC_ART_12_flushes_13.png,not_flush
SNUADC_ART_12_flushes_2.png,flush
SNUADC_ART_12_flushes_3.png,flush
SNUADC_ART_12_flushes_4.png,not_flush
SNUADC_ART_12_flushes_5.png,flush
SNUADC_ART_12_flushes_6.png,flush
SNUADC_ART_12_flushes_7.png,flush
SNUADC_ART_12_flushes_8.png,flush
SNUADC_ART_12_flushes_9.png,not_flush
SNUADC_ART_130_flushes_0.png,not_flush
SNUADC_ART_130_flushes_1.png,not_flush
SNUADC_ART_130_flushes_10.png,flush
SNUADC_ART_130_flushes_2.png,flush
SNUADC_ART_130_flushes_3.png,flush
SNUADC_ART_130_flushes_4.png,not_flush
SNUADC_ART_130_flushes_5.png,flush
SNUADC_ART_130_flushes_6.png,flush
SNUADC_ART_130_flushes_7.png,flush
SNUADC_ART_130_flushes_8.png,flush
SNUADC_ART_130_flushes_9.png,flush
SNUADC_ART_132_flushes_0.png,flush
SNUADC_ART_132_flushes_1.png,not_flush
SNUADC_ART_132_flushes_10.png,not_flush
SNUADC_ART_132_flushes_11.png,not_flush
SNUADC_ART_132_flushes_12.png,not_flush
SNUADC_ART_132_flushes_2.png,flush
SNUADC_ART_132_flushes_3.png,not_flush
SNUADC_ART_132_flushes_4.png,not_flush
SNUADC_ART_132_flushes_5.png,flush
SNUADC_ART_132_flushes_6.png,not_flush
SNUADC_ART_132_flushes_7.png,flush
SNUADC_ART_132_flushes_8.png,not_flush
SNUADC_ART_132_flushes_9.png,not_flush
SNUADC_ART_135_flushes_0.png,flush
SNUADC_ART_135_flushes_1.png,flush
SNUADC_ART_135_flushes_2.png,flush
SNUADC_ART_136_flushes_0.png,not_flush
SNUADC_ART_136_flushes_1.png,not_flush
SNUADC_ART_136_flushes_10.png,flush
SNUADC_ART_136_flushes_2.png,not_flush
SNUADC_ART_136_flushes_3.png,not_flush
SNUADC_ART_136_flushes_4.png,not_flush
SNUADC_ART_136_flushes_5.png,not_flush
SNUADC_ART_136_flushes_6.png,flush
SNUADC_ART_136_flushes_7.png,not_flush
SNUADC_ART_136_flushes_8.png,not_flush
SNUADC_ART_136_flushes_9.png,not_flush
SNUADC_ART_137_flushes_0.png,not_flush
SNUADC_ART_137_flushes_1.png,not_flush
SNUADC_ART_137_flushes_2.png,flush
SNUADC_ART_137_flushes_3.png,not_flush
SNUADC_ART_137_flushes_4.png,not_flush
SNUADC_ART_137_flushes_5.png,not_flush
SNUADC_ART_137_flushes_6.png,not_flush
SNUADC_ART_138_flushes_0.png,not_flush
SNUADC_ART_138_flushes_1.png,not_flush
SNUADC_ART_13_flushes_0.png,not_flush
SNUADC_ART_13_flushes_1.png,not_flush
SNUADC_ART_13_flushes_2.png,not_flush
SNUADC_ART_13_flushes_3.png,flush
SNUADC_ART_140_flushes_0.png,not_flush
SNUADC_ART_140_flushes_1.png,not_flush
SNUADC_ART_140_flushes_10.png,not_flush
SNUADC_ART_140_flushes_11.png,not_flush
SNUADC_ART_140_flushes_12.png,not_flush
SNUADC_ART_140_flushes_13.png,flush
SNUADC_ART_140_flushes_14.png,flush
SNUADC_ART_140_flushes_15.png,not_flush
SNUADC_ART_140_flushes_16.png,not_flush
SNUADC_ART_140_flushes_17.png,not_flush
SNUADC_ART_140_flushes_2.png,not_flush
SNUADC_ART_140_flushes_3.png,not_flush
SNUADC_ART_140_flushes_4.png,not_flush
SNUADC_ART_140_flushes_5.png,not_flush
SNUADC_ART_140_flushes_6.png,not_flush
SNUADC_ART_140_flushes_7.png,not_flush
SNUADC_ART_140_flushes_8.png,not_flush
SNUADC_ART_140_flushes_9.png,not_flush
SNUADC_ART_142_flushes_0.png,not_flush
SNUADC_ART_142_flushes_1.png,not_flush
SNUADC_ART_142_flushes_2.png,not_flush
SNUADC_ART_142_flushes_3.png,flush
SNUADC_ART_143_flushes_0.png,not_flush
SNUADC_ART_143_flushes_1.png,not_flush
SNUADC_ART_143_flushes_2.png,not_flush
SNUADC_ART_143_flushes_3.png,flush
SNUADC_ART_143_flushes_4.png,not_flush
SNUADC_ART_143_flushes_5.png,not_flush
SNUADC_ART_143_flushes_6.png,flush
SNUADC_ART_145_flushes_0.png,not_flush
SNUADC_ART_145_flushes_1.png,flush
SNUADC_ART_145_flushes_2.png,not_flush
SNUADC_ART_145_flushes_3.png,flush
SNUADC_ART_145_flushes_4.png,not_flush
SNUADC_ART_145_flushes_5.png,flush
SNUADC_ART_146_flushes_0.png,not_flush
SNUADC_ART_146_flushes_1.png,not_flush
SNUADC_ART_146_flushes_10.png,flush
SNUADC_ART_146_flushes_11.png,flush
SNUADC_ART_146_flushes_12.png,not_flush
SNUADC_ART_146_flushes_13.png,not_flush
SNUADC_ART_146_flushes_14.png,flush
SNUADC_ART_146_flushes_15.png,flush
SNUADC_ART_146_flushes_16.png,flush
SNUADC_ART_146_flushes_17.png,flush
SNUADC_ART_146_flushes_18.png,not_flush
SNUADC_ART_146_flushes_2.png,not_flush
SNUADC_ART_146_flushes_3.png,not_flush
SNUADC_ART_146_flushes_4.png,not_flush
SNUADC_ART_146_flushes_5.png,not_flush
SNUADC_ART_146_flushes_6.png,not_flush
SNUADC_ART_146_flushes_7.png,flush
SNUADC_ART_146_flushes_8.png,flush
SNUADC_ART_146_flushes_9.png,flush
SNUADC_ART_148_flushes_0.png,not_flush
SNUADC_ART_148_flushes_1.png,not_flush
SNUADC_ART_148_flushes_10.png,not_flush
SNUADC_ART_148_flushes_11.png,not_flush
SNUADC_ART_148_flushes_12.png,not_flush
SNUADC_ART_148_flushes_13.png,not_flush
SNUADC_ART_148_flushes_2.png,flush
SNUADC_ART_148_flushes_3.png,not_flush
SNUADC_ART_148_flushes_4.png,not_flush
SNUADC_ART_148_flushes_5.png,flush
SNUADC_ART_148_flushes_6.png,not_flush
SNUADC_ART_148_flushes_7.png,not_flush
SNUADC_ART_148_flushes_8.png,flush
SNUADC_ART_148_flushes_9.png,flush
SNUADC_ART_150_flushes_0.png,flush
SNUADC_ART_150_flushes_1.png,flush
SNUADC_ART_152_flushes_0.png,not_flush
SNUADC_ART_153_flushes_0.png,not_flush
SNUADC_ART_153_flushes_1.png,not_flush
SNUADC_ART_153_flushes_2.png,not_flush
SNUADC_ART_153_flushes_3.png,not_flush
SNUADC_ART_153_flushes_4.png,not_flush
SNUADC_ART_156_flushes_0.png,not_flush
SNUADC_ART_156_flushes_1.png,flush
SNUADC_ART_156_flushes_2.png,not_flush
SNUADC_ART_156_flushes_3.png,not_flush
SNUADC_ART_156_flushes_4.png,flush
SNUADC_ART_156_flushes_5.png,flush
SNUADC_ART_156_flushes_6.png,not_flush
SNUADC_ART_156_flushes_7.png,not_flush
SNUADC_ART_156_flushes_8.png,not_flush
SNUADC_ART_160_flushes_0.png,not_flush
SNUADC_ART_160_flushes_1.png,not_flush
SNUADC_ART_160_flushes_2.png,not_flush
SNUADC_ART_160_flushes_3.png,not_flush
SNUADC_ART_160_flushes_4.png,not_flush
SNUADC_ART_160_flushes_5.png,not_flush
SNUADC_ART_160_flushes_6.png,flush
SNUADC_ART_160_flushes_7.png,flush
SNUADC_ART_160_flushes_8.png,flush
SNUADC_ART_161_flushes_0.png,not_flush
SNUADC_ART_161_flushes_1.png,flush
SNUADC_ART_161_flushes_2.png,not_flush
SNUADC_ART_161_flushes_3.png,not_flush
SNUADC_ART_161_flushes_4.png,not_flush
SNUADC_ART_161_flushes_5.png,not_flush
SNUADC_ART_161_flushes_6.png,not_flush
SNUADC_ART_161_flushes_7.png,flush
SNUADC_ART_163_flushes_0.png,not_flush
SNUADC_ART_163_flushes_1.png,not_flush
SNUADC_ART_163_flushes_2.png,not_flush
SNUADC_ART_163_flushes_3.png,not_flush
SNUADC_ART_164_flushes_0.png,not_flush
SNUADC_ART_164_flushes_1.png,not_flush
SNUADC_ART_164_flushes_10.png,not_flush
SNUADC_ART_164_flushes_11.png,not_flush
SNUADC_ART_164_flushes_12.png,not_flush
SNUADC_ART_164_flushes_2.png,flush
SNUADC_ART_164_flushes_3.png,not_flush
SNUADC_ART_164_flushes_4.png,flush
SNUADC_ART_164_flushes_5.png,not_flush
SNUADC_ART_164_flushes_6.png,flush
SNUADC_ART_164_flushes_7.png,not_flush
SNUADC_ART_164_flushes_8.png,not_flush
SNUADC_ART_164_flushes_9.png,not_flush
SNUADC_ART_166_flushes_0.png,not_flush
SNUADC_ART_166_flushes_1.png,not_flush
SNUADC_ART_166_flushes_10.png,not_flush
SNUADC_ART_166_flushes_2.png,not_flush
SNUADC_ART_166_flushes_3.png,flush
SNUADC_ART_166_flushes_4.png,not_flush
SNUADC_ART_166_flushes_5.png,not_flush
SNUADC_ART_166_flushes_6.png,not_flush
SNUADC_ART_166_flushes_7.png,not_flush
SNUADC_ART_166_flushes_8.png,not_flush
SNUADC_ART_166_flushes_9.png,not_flush
SNUADC_ART_167_flushes_0.png,flush
SNUADC_ART_167_flushes_1.png,not_flush
SNUADC_ART_167_flushes_2.png,flush
SNUADC_ART_167_flushes_3.png,flush
SNUADC_ART_167_flushes_4.png,not_flush
SNUADC_ART_167_flushes_5.png,not_flush
SNUADC_ART_16_flushes_0.png,flush
SNUADC_ART_16_flushes_1.png,flush
SNUADC_ART_16_flushes_2.png,flush
SNUADC_ART_16_flushes_3.png,flush
SNUADC_ART_16_flushes_4.png,not_flush
SNUADC_ART_16_flushes_5.png,flush
SNUADC_ART_16_flushes_6.png,not_flush
SNUADC_ART_16_flushes_7.png,not_flush
SNUADC_ART_16_flushes_8.png,not_flush
SNUADC_ART_172_flushes_0.png,not_flush
SNUADC_ART_172_flushes_1.png,not_flush
SNUADC_ART_172_flushes_2.png,not_flush
SNUADC_ART_172_flushes_3.png,not_flush
SNUADC_ART_172_flushes_4.png,not_flush
SNUADC_ART_175_flushes_0.png,not_flush
SNUADC_ART_175_flushes_1.png,not_flush
SNUADC_ART_175_flushes_10.png,not_flush
SNUADC_ART_175_flushes_11.png,not_flush
SNUADC_ART_175_flushes_12.png,not_flush
SNUADC_ART_175_flushes_13.png,flush
SNUADC_ART_175_flushes_14.png,not_flush
SNUADC_ART_175_flushes_15.png,not_flush
SNUADC_ART_175_flushes_16.png,not_flush
SNUADC_ART_175_flushes_17.png,not_flush
SNUADC_ART_175_flushes_18.png,not_flush
SNUADC_ART_175_flushes_19.png,not_flush
SNUADC_ART_175_flushes_2.png,not_flush
SNUADC_ART_175_flushes_20.png,not_flush
SNUADC_ART_175_flushes_21.png,flush
SNUADC_ART_175_flushes_22.png,not_flush
SNUADC_ART_175_flushes_3.png,not_flush
SNUADC_ART_175_flushes_4.png,not_flush
SNUADC_ART_175_flushes_5.png,not_flush
SNUADC_ART_175_flushes_6.png,not_flush
SNUADC_ART_175_flushes_7.png,not_flush
SNUADC_ART_175_flushes_8.png,not_flush
SNUADC_ART_175_flushes_9.png,not_flush
SNUADC_ART_177_flushes_0.png,not_flush
SNUADC_ART_177_flushes_1.png,not_flush
SNUADC_ART_177_flushes_10.png,flush
SNUADC_ART_177_flushes_11.png,not_flush
SNUADC_ART_177_flushes_12.png,flush
SNUADC_ART_177_flushes_13.png,not_flush
SNUADC_ART_177_flushes_2.png,not_flush
SNUADC_ART_177_flushes_3.png,not_flush
SNUADC_ART_177_flushes_4.png,not_flush
SNUADC_ART_177_flushes_5.png,not_flush
SNUADC_ART_177_flushes_6.png,not_flush
SNUADC_ART_177_flushes_7.png,not_flush
SNUADC_ART_177_flushes_8.png,not_flush
SNUADC_ART_177_flushes_9.png,not_flush
SNUADC_ART_178_flushes_0.png,not_flush
SNUADC_ART_178_flushes_1.png,not_flush
SNUADC_ART_178_flushes_2.png,flush
SNUADC_ART_178_flushes_3.png,not_flush
SNUADC_ART_178_flushes_4.png,flush
SNUADC_ART_178_flushes_5.png,flush
SNUADC_ART_178_flushes_6.png,flush
SNUADC_ART_178_flushes_7.png,flush
SNUADC_ART_178_flushes_8.png,flush
SNUADC_ART_17_flushes_0.png,not_flush
SNUADC_ART_17_flushes_1.png,not_flush
SNUADC_ART_17_flushes_2.png,not_flush
SNUADC_ART_17_flushes_3.png,not_flush
SNUADC_ART_17_flushes_4.png,flush
SNUADC_ART_17_flushes_5.png,flush
SNUADC_ART_17_flushes_6.png,flush
SNUADC_ART_17_flushes_7.png,flush
SNUADC_ART_17_flushes_8.png,flush
SNUADC_ART_180_flushes_0.png,flush
SNUADC_ART_180_flushes_1.png,not_flush
SNUADC_ART_180_flushes_10.png,flush
SNUADC_ART_180_flushes_11.png,flush
SNUADC_ART_180_flushes_2.png,not_flush
SNUADC_ART_180_flushes_3.png,not_flush
SNUADC_ART_180_flushes_4.png,not_flush
SNUADC_ART_180_flushes_5.png,not_flush
SNUADC_ART_180_flushes_6.png,not_flush
SNUADC_ART_180_flushes_7.png,flush
SNUADC_ART_180_flushes_8.png,flush
SNUADC_ART_180_flushes_9.png,flush
SNUADC_ART_181_flushes_0.png,flush
SNUADC_ART_181_flushes_1.png,not_flush
SNUADC_ART_181_flushes_2.png,flush
SNUADC_ART_181_flushes_3.png,flush
SNUADC_ART_181_flushes_4.png,not_flush
SNUADC_ART_181_flushes_5.png,not_flush
SNUADC_ART_181_flushes_6.png,not_flush
SNUADC_ART_181_flushes_7.png,not_flush
SNUADC_ART_183_flushes_0.png,not_flush
SNUADC_ART_183_flushes_1.png,not_flush
SNUADC_ART_183_flushes_2.png,flush
SNUADC_ART_183_flushes_3.png,not_flush
SNUADC_ART_184_flushes_0.png,not_flush
SNUADC_ART_184_flushes_1.png,not_flush
SNUADC_ART_184_flushes_10.png,not_flush
SNUADC_ART_184_flushes_11.png,not_flush
SNUADC_ART_184_flushes_12.png,not_flush
SNUADC_ART_184_flushes_13.png,not_flush
SNUADC_ART_184_flushes_14.png,not_flush
SNUADC_ART_184_flushes_15.png,not_flush
SNUADC_ART_184_flushes_16.png,not_flush
SNUADC_ART_184_flushes_17.png,not_flush
SNUADC_ART_184_flushes_18.png,not_flush
SNUADC_ART_184_flushes_19.png,not_flush
SNUADC_ART_184_flushes_2.png,not_flush
SNUADC_ART_184_flushes_20.png,not_flush
SNUADC_ART_184_flushes_21.png,not_flush
SNUADC_ART_184_flushes_22.png,flush
SNUADC_ART_184_flushes_23.png,not_flush
SNUADC_ART_184_flushes_24.png,not_flush
SNUADC_ART_184_flushes_25.png,flush
SNUADC_ART_184_flushes_3.png,not_flush
SNUADC_ART_184_flushes_4.png,flush
SNUADC_ART_184_flushes_5.png,flush
SNUADC_ART_184_flushes_6.png,not_flush
SNUADC_ART_184_flushes_7.png,flush
SNUADC_ART_184_flushes_8.png,flush
SNUADC_ART_184_flushes_9.png,not_flush
SNUADC_ART_185_flushes_0.png,flush
SNUADC_ART_185_flushes_1.png,flush
SNUADC_ART_185_flushes_10.png,not_flush
SNUADC_ART_185_flushes_11.png,not_flush
SNUADC_ART_185_flushes_12.png,not_flush
SNUADC_ART_185_flushes_13.png,not_flush
SNUADC_ART_185_flushes_14.png,not_flush
SNUADC_ART_185_flushes_15.png,not_flush
SNUADC_ART_185_flushes_16.png,not_flush
SNUADC_ART_185_flushes_17.png,not_flush
SNUADC_ART_185_flushes_18.png,not_flush
SNUADC_ART_185_flushes_19.png,not_flush
SNUADC_ART_185_flushes_2.png,not_flush
SNUADC_ART_185_flushes_20.png,not_flush
SNUADC_ART_185_flushes_21.png,not_flush
SNUADC_ART_185_flushes_22.png,flush
SNUADC_ART_185_flushes_3.png,not_flush
SNUADC_ART_185_flushes_4.png,not_flush
SNUADC_ART_185_flushes_5.png,not_flush
SNUADC_ART_185_flushes_6.png,not_flush
SNUADC_ART_185_flushes_7.png,not_flush
SNUADC_ART_185_flushes_8.png,not_flush
SNUADC_ART_185_flushes_9.png,not_flush
SNUADC_ART_186_flushes_0.png,not_flush
SNUADC_ART_186_flushes_1.png,not_flush
SNUADC_ART_186_flushes_2.png,not_flush
SNUADC_ART_186_flushes_3.png,not_flush
SNUADC_ART_186_flushes_4.png,not_flush
SNUADC_ART_186_flushes_5.png,not_flush
SNUADC_ART_189_flushes_0.png,flush
SNUADC_ART_189_flushes_1.png,not_flush
SNUADC_ART_190_flushes_0.png,not_flush
SNUADC_ART_190_flushes_1.png,not_flush
SNUADC_ART_190_flushes_2.png,flush
SNUADC_ART_190_flushes_3.png,flush
SNUADC_ART_190_flushes_4.png,not_flush
SNUADC_ART_190_flushes_5.png,not_flush
SNUADC_ART_190_flushes_6.png,flush
SNUADC_ART_190_flushes_7.png,flush
SNUADC_ART_190_flushes_8.png,not_flush
SNUADC_ART_190_flushes_9.png,flush
SNUADC_ART_191_flushes_0.png,not_flush
SNUADC_ART_191_flushes_1.png,not_flush
SNUADC_ART_191_flushes_10.png,not_flush
SNUADC_ART_191_flushes_11.png,not_flush
SNUADC_ART_191_flushes_12.png,not_flush
SNUADC_ART_191_flushes_13.png,not_flush
SNUADC_ART_191_flushes_14.png,flush
SNUADC_ART_191_flushes_2.png,not_flush
SNUADC_ART_191_flushes_3.png,not_flush
SNUADC_ART_191_flushes_4.png,not_flush
SNUADC_ART_191_flushes_5.png,not_flush
SNUADC_ART_191_flushes_6.png,not_flush
SNUADC_ART_191_flushes_7.png,not_flush
SNUADC_ART_191_flushes_8.png,not_flush
SNUADC_ART_191_flushes_9.png,not_flush
SNUADC_ART_195_flushes_0.png,not_flush
SNUADC_ART_195_flushes_1.png,not_flush
SNUADC_ART_195_flushes_10.png,not_flush
SNUADC_ART_195_flushes_11.png,not_flush
SNUADC_ART_195_flushes_12.png,flush
SNUADC_ART_195_flushes_13.png,not_flush
SNUADC_ART_195_flushes_14.png,not_flush
SNUADC_ART_195_flushes_15.png,not_flush
SNUADC_ART_195_flushes_16.png,not_flush
SNUADC_ART_195_flushes_17.png,not_flush
SNUADC_ART_195_flushes_18.png,not_flush
SNUADC_ART_195_flushes_19.png,not_flush
SNUADC_ART_195_flushes_2.png,not_flush
SNUADC_ART_195_flushes_20.png,not_flush
SNUADC_ART_195_flushes_21.png,flush
SNUADC_ART_195_flushes_22.png,flush
SNUADC_ART_195_flushes_23.png,flush
SNUADC_ART_195_flushes_24.png,not_flush
SNUADC_ART_195_flushes_25.png,flush
SNUADC_ART_195_flushes_3.png,not_flush
SNUADC_ART_195_flushes_4.png,flush
SNUADC_ART_195_flushes_5.png,not_flush
SNUADC_ART_195_flushes_6.png,not_flush
SNUADC_ART_195_flushes_7.png,not_flush
SNUADC_ART_195_flushes_8.png,flush
SNUADC_ART_195_flushes_9.png,not_flush
SNUADC_ART_197_flushes_0.png,not_flush
SNUADC_ART_197_flushes_1.png,flush
SNUADC_ART_197_flushes_2.png,flush
SNUADC_ART_197_flushes_3.png,not_flush
SNUADC_ART_198_flushes_0.png,not_flush
SNUADC_ART_198_flushes_1.png,flush
SNUADC_ART_198_flushes_2.png,not_flush
SNUADC_ART_198_flushes_3.png,flush
SNUADC_ART_199_flushes_0.png,not_flush
SNUADC_ART_199_flushes_1.png,not_flush
SNUADC_ART_199_flushes_2.png,flush
SNUADC_ART_19_flushes_0.png,not_flush
SNUADC_ART_19_flushes_1.png,not_flush
SNUADC_ART_19_flushes_2.png,not_flush
SNUADC_ART_19_flushes_3.png,flush
SNUADC_ART_19_flushes_4.png,not_flush
SNUADC_ART_19_flushes_5.png,flush
SNUADC_ART_19_flushes_6.png,not_flush
SNUADC_ART_19_flushes_7.png,flush
SNUADC_ART_19_flushes_8.png,not_flush
SNUADC_ART_19_flushes_9.png,flush
SNUADC_ART_1_flushes_0.png,not_flush
SNUADC_ART_1_flushes_1.png,not_flush
SNUADC_ART_1_flushes_2.png,not_flush
SNUADC_ART_1_flushes_3.png,flush
SNUADC_ART_1_flushes_4.png,flush
SNUADC_ART_1_flushes_5.png,not_flush
SNUADC_ART_200_flushes_0.png,not_flush
SNUADC_ART_200_flushes_1.png,not_flush
SNUADC_ART_200_flushes_10.png,flush
SNUADC_ART_200_flushes_11.png,not_flush
SNUADC_ART_200_flushes_12.png,not_flush
SNUADC_ART_200_flushes_13.png,not_flush
SNUADC_ART_200_flushes_14.png,not_flush
SNUADC_ART_200_flushes_15.png,not_flush
SNUADC_ART_200_flushes_2.png,not_flush
SNUADC_ART_200_flushes_3.png,not_flush
SNUADC_ART_200_flushes_4.png,flush
SNUADC_ART_200_flushes_5.png,flush
SNUADC_ART_200_flushes_6.png,not_flush
SNUADC_ART_200_flushes_7.png,flush
SNUADC_ART_200_flushes_8.png,not_flush
SNUADC_ART_200_flushes_9.png,not_flush
SNUADC_ART_202_flushes_0.png,not_flush
SNUADC_ART_202_flushes_1.png,not_flush
SNUADC_ART_202_flushes_10.png,not_flush
SNUADC_ART_202_flushes_11.png,flush
SNUADC_ART_202_flushes_2.png,not_flush
SNUADC_ART_202_flushes_3.png,flush
SNUADC_ART_202_flushes_4.png,not_flush
SNUADC_ART_202_flushes_5.png,flush
SNUADC_ART_202_flushes_6.png,flush
SNUADC_ART_202_flushes_7.png,not_flush
SNUADC_ART_202_flushes_8.png,flush
SNUADC_ART_202_flushes_9.png,flush
SNUADC_ART_203_flushes_0.png,not_flush
SNUADC_ART_203_flushes_1.png,not_flush
SNUADC_ART_203_flushes_2.png,not_flush
SNUADC_ART_203_flushes_3.png,flush
SNUADC_ART_203_flushes_4.png,flush
SNUADC_ART_203_flushes_5.png,flush
SNUADC_ART_203_flushes_6.png,flush
SNUADC_ART_203_flushes_7.png,flush
SNUADC_ART_206_flushes_0.png,not_flush
SNUADC_ART_206_flushes_1.png,not_flush
SNUADC_ART_206_flushes_2.png,not_flush
SNUADC_ART_206_flushes_3.png,not_flush
SNUADC_ART_208_flushes_0.png,not_flush
SNUADC_ART_208_flushes_1.png,not_flush
SNUADC_ART_208_flushes_2.png,not_flush
SNUADC_ART_208_flushes_3.png,not_flush
SNUADC_ART_208_flushes_4.png,not_flush
SNUADC_ART_208_flushes_5.png,flush
SNUADC_ART_208_flushes_6.png,flush
SNUADC_ART_20_flushes_0.png,not_flush
SNUADC_ART_20_flushes_1.png,not_flush
SNUADC_ART_20_flushes_10.png,not_flush
SNUADC_ART_20_flushes_11.png,not_flush
SNUADC_ART_20_flushes_12.png,not_flush
SNUADC_ART_20_flushes_13.png,not_flush
SNUADC_ART_20_flushes_14.png,flush
SNUADC_ART_20_flushes_2.png,not_flush
SNUADC_ART_20_flushes_3.png,not_flush
SNUADC_ART_20_flushes_4.png,flush
SNUADC_ART_20_flushes_5.png,not_flush
SNUADC_ART_20_flushes_6.png,flush
SNUADC_ART_20_flushes_7.png,flush
SNUADC_ART_20_flushes_8.png,not_flush
SNUADC_ART_20_flushes_9.png,not_flush
SNUADC_ART_210_flushes_0.png,not_flush
SNUADC_ART_210_flushes_1.png,not_flush
SNUADC_ART_210_flushes_2.png,flush
SNUADC_ART_210_flushes_3.png,not_flush
SNUADC_ART_210_flushes_4.png,flush
SNUADC_ART_210_flushes_5.png,not_flush
SNUADC_ART_217_flushes_0.png,not_flush
SNUADC_ART_217_flushes_1.png,not_flush
SNUADC_ART_217_flushes_10.png,not_flush
SNUADC_ART_217_flushes_11.png,not_flush
SNUADC_ART_217_flushes_12.png,not_flush
SNUADC_ART_217_flushes_13.png,not_flush
SNUADC_ART_217_flushes_14.png,not_flush
SNUADC_ART_217_flushes_2.png,not_flush
SNUADC_ART_217_flushes_3.png,not_flush
SNUADC_ART_217_flushes_4.png,not_flush
SNUADC_ART_217_flushes_5.png,not_flush
SNUADC_ART_217_flushes_6.png,not_flush
SNUADC_ART_217_flushes_7.png,not_flush
SNUADC_ART_217_flushes_8.png,not_flush
SNUADC_ART_217_flushes_9.png,not_flush
SNUADC_ART_218_flushes_0.png,not_flush
SNUADC_ART_218_flushes_1.png,flush
SNUADC_ART_218_flushes_10.png,not_flush
SNUADC_ART_218_flushes_11.png,flush
SNUADC_ART_218_flushes_12.png,not_flush
SNUADC_ART_218_flushes_13.png,flush
SNUADC_ART_218_flushes_14.png,not_flush
SNUADC_ART_218_flushes_15.png,flush
SNUADC_ART_218_flushes_16.png,flush
SNUADC_ART_218_flushes_17.png,not_flush
SNUADC_ART_218_flushes_18.png,flush
SNUADC_ART_218_flushes_2.png,not_flush
SNUADC_ART_218_flushes_3.png,flush
SNUADC_ART_218_flushes_4.png,flush
SNUADC_ART_218_flushes_5.png,not_flush
SNUADC_ART_218_flushes_6.png,flush
SNUADC_ART_218_flushes_7.png,flush
SNUADC_ART_218_flushes_8.png,not_flush
SNUADC_ART_218_flushes_9.png,flush
SNUADC_ART_221_flushes_0.png,not_flush
SNUADC_ART_221_flushes_1.png,not_flush
SNUADC_ART_221_flushes_2.png,not_flush
SNUADC_ART_222_flushes_0.png,not_flush
SNUADC_ART_222_flushes_1.png,not_flush
SNUADC_ART_222_flushes_2.png,flush
SNUADC_ART_222_flushes_3.png,flush
SNUADC_ART_222_flushes_4.png,flush
SNUADC_ART_229_flushes_0.png,not_flush
SNUADC_ART_229_flushes_1.png,flush
SNUADC_ART_229_flushes_2.png,not_flush
SNUADC_ART_229_flushes_3.png,not_flush
SNUADC_ART_22_flushes_0.png,not_flush
SNUADC_ART_22_flushes_1.png,not_flush
SNUADC_ART_22_flushes_2.png,not_flush
SNUADC_ART_22_flushes_3.png,flush
SNUADC_ART_22_flushes_4.png,not_flush
SNUADC_ART_22_flushes_5.png,flush
SNUADC_ART_22_flushes_6.png,flush
SNUADC_ART_22_flushes_7.png,not_flush
SNUADC_ART_22_flushes_8.png,not_flush
SNUADC_ART_230_flushes_0.png,not_flush
SNUADC_ART_230_flushes_1.png,not_flush
SNUADC_ART_230_flushes_10.png,not_flush
SNUADC_ART_230_flushes_11.png,not_flush
SNUADC_ART_230_flushes_12.png,not_flush
SNUADC_ART_230_flushes_13.png,not_flush
SNUADC_ART_230_flushes_14.png,flush
SNUADC_ART_230_flushes_15.png,flush
SNUADC_ART_230_flushes_16.png,flush
SNUADC_ART_230_flushes_17.png,not_flush
SNUADC_ART_230_flushes_18.png,not_flush
SNUADC_ART_230_flushes_19.png,not_flush
SNUADC_ART_230_flushes_2.png,not_flush
SNUADC_ART_230_flushes_20.png,not_flush
SNUADC_ART_230_flushes_21.png,flush
SNUADC_ART_230_flushes_22.png,flush
SNUADC_ART_230_flushes_23.png,flush
SNUADC_ART_230_flushes_24.png,flush
SNUADC_ART_230_flushes_25.png,not_flush
SNUADC_ART_230_flushes_26.png,not_flush
SNUADC_ART_230_flushes_27.png,not_flush
SNUADC_ART_230_flushes_28.png,not_flush
SNUADC_ART_230_flushes_29.png,flush
SNUADC_ART_230_flushes_3.png,not_flush
SNUADC_ART_230_flushes_30.png,flush
SNUADC_ART_230_flushes_31.png,flush
SNUADC_ART_230_flushes_32.png,not_flush
SNUADC_ART_230_flushes_33.png,not_flush
SNUADC_ART_230_flushes_34.png,not_flush
SNUADC_ART_230_flushes_35.png,not_flush
SNUADC_ART_230_flushes_36.png,not_flush
SNUADC_ART_230_flushes_37.png,flush
SNUADC_ART_230_flushes_38.png,not_flush
SNUADC_ART_230_flushes_39.png,not_flush
SNUADC_ART_230_flushes_4.png,not_flush
SNUADC_ART_230_flushes_40.png,not_flush
SNUADC_ART_230_flushes_41.png,not_flush
SNUADC_ART_230_flushes_42.png,not_flush
SNUADC_ART_230_flushes_43.png,not_flush
SNUADC_ART_230_flushes_44.png,flush
SNUADC_ART_230_flushes_45.png,flush
SNUADC_ART_230_flushes_46.png,not_flush
SNUADC_ART_230_flushes_47.png,flush
SNUADC_ART_230_flushes_48.png,flush
SNUADC_ART_230_flushes_49.png,flush
SNUADC_ART_230_flushes_5.png,not_flush
SNUADC_ART_230_flushes_50.png,flush
SNUADC_ART_230_flushes_51.png,not_flush
SNUADC_ART_230_flushes_52.png,not_flush
SNUADC_ART_230_flushes_53.png,flush
SNUADC_ART_230_flushes_54.png,not_flush
SNUADC_ART_230_flushes_55.png,not_flush
SNUADC_ART_230_flushes_56.png,not_flush
SNUADC_ART_230_flushes_57.png,not_flush
SNUADC_ART_230_flushes_58.png,not_flush
SNUADC_ART_230_flushes_59.png,not_flush
SNUADC_ART_230_flushes_6.png,not_flush
SNUADC_ART_230_flushes_60.png,flush
SNUADC_ART_230_flushes_61.png,not_flush
SNUADC_ART_230_flushes_7.png,not_flush
SNUADC_ART_230_flushes_8.png,not_flush
SNUADC_ART_230_flushes_9.png,not_flush
SNUADC_ART_232_flushes_0.png,not_flush
SNUADC_ART_232_flushes_1.png,not_flush
SNUADC_ART_232_flushes_10.png,not_flush
SNUADC_ART_232_flushes_11.png,not_flush
SNUADC_ART_232_flushes_12.png,not_flush
SNUADC_ART_232_flushes_13.png,flush
SNUADC_ART_232_flushes_14.png,not_flush
SNUADC_ART_232_flushes_15.png,not_flush
SNUADC_ART_232_flushes_16.png,not_flush
SNUADC_ART_232_flushes_17.png,not_flush
SNUADC_ART_232_flushes_18.png,not_flush
SNUADC_ART_232_flushes_2.png,not_flush
SNUADC_ART_232_flushes_3.png,not_flush
SNUADC_ART_232_flushes_4.png,not_flush
SNUADC_ART_232_flushes_5.png,not_flush
SNUADC_ART_232_flushes_6.png,not_flush
SNUADC_ART_232_flushes_7.png,not_flush
SNUADC_ART_232_flushes_8.png,not_flush
SNUADC_ART_232_flushes_9.png,not_flush
SNUADC_ART_233_flushes_0.png,not_flush
SNUADC_ART_233_flushes_1.png,not_flush
SNUADC_ART_233_flushes_10.png,not_flush
SNUADC_ART_233_flushes_11.png,not_flush
SNUADC_ART_233_flushes_12.png,not_flush
SNUADC_ART_233_flushes_13.png,flush
SNUADC_ART_233_flushes_14.png,flush
SNUADC_ART_233_flushes_15.png,flush
SNUADC_ART_233_flushes_16.png,not_flush
SNUADC_ART_233_flushes_17.png,not_flush
SNUADC_ART_233_flushes_18.png,not_flush
SNUADC_ART_233_flushes_19.png,not_flush
SNUADC_ART_233_flushes_2.png,not_flush
SNUADC_ART_233_flushes_20.png,not_flush
SNUADC_ART_233_flushes_21.png,not_flush
SNUADC_ART_233_flushes_22.png,not_flush
SNUADC_ART_233_flushes_3.png,not_flush
SNUADC_ART_233_flushes_4.png,not_flush
SNUADC_ART_233_flushes_5.png,not_flush
SNUADC_ART_233_flushes_6.png,flush
SNUADC_ART_233_flushes_7.png,not_flush
SNUADC_ART_233_flushes_8.png,flush
SNUADC_ART_233_flushes_9.png,not_flush
SNUADC_ART_236_flushes_0.png,not_flush
SNUADC_ART_236_flushes_1.png,not_flush
SNUADC_ART_236_flushes_10.png,not_flush
SNUADC_ART_236_flushes_11.png,not_flush
SNUADC_ART_236_flushes_12.png,flush
SNUADC_ART_236_flushes_13.png,not_flush
SNUADC_ART_236_flushes_14.png,not_flush
SNUADC_ART_236_flushes_15.png,not_flush
SNUADC_ART_236_flushes_2.png,flush
SNUADC_ART_236_flushes_3.png,not_flush
SNUADC_ART_236_flushes_4.png,flush
SNUADC_ART_236_flushes_5.png,not_flush
SNUADC_ART_236_flushes_6.png,flush
SNUADC_ART_236_flushes_7.png,not_flush
SNUADC_ART_236_flushes_8.png,not_flush
SNUADC_ART_236_flushes_9.png,not_flush
SNUADC_ART_237_flushes_0.png,flush
SNUADC_ART_237_flushes_1.png,not_flush
SNUADC_ART_237_flushes_10.png,not_flush
SNUADC_ART_237_flushes_11.png,not_flush
SNUADC_ART_237_flushes_12.png,not_flush
SNUADC_ART_237_flushes_2.png,not_flush
SNUADC_ART_237_flushes_3.png,not_flush
SNUADC_ART_237_flushes_4.png,not_flush
SNUADC_ART_237_flushes_5.png,not_flush
SNUADC_ART_237_flushes_6.png,not_flush
SNUADC_ART_237_flushes_7.png,not_flush
SNUADC_ART_237_flushes_8.png,not_flush
SNUADC_ART_237_flushes_9.png,not_flush
SNUADC_ART_239_flushes_0.png,not_flush
SNUADC_ART_239_flushes_1.png,not_flush
SNUADC_ART_239_flushes_2.png,flush
SNUADC_ART_239_flushes_3.png,not_flush
SNUADC_ART_239_flushes_4.png,not_flush
SNUADC_ART_239_flushes_5.png,flush
SNUADC_ART_241_flushes_0.png,flush
SNUADC_ART_241_flushes_1.png,not_flush
SNUADC_ART_241_flushes_10.png,flush
SNUADC_ART_241_flushes_11.png,not_flush
SNUADC_ART_241_flushes_12.png,not_flush
SNUADC_ART_241_flushes_13.png,not_flush
SNUADC_ART_241_flushes_14.png,flush
SNUADC_ART_241_flushes_15.png,flush
SNUADC_ART_241_flushes_16.png,flush
SNUADC_ART_241_flushes_17.png,not_flush
SNUADC_ART_241_flushes_18.png,not_flush
SNUADC_ART_241_flushes_19.png,flush
SNUADC_ART_241_flushes_2.png,flush
SNUADC_ART_241_flushes_20.png,flush
SNUADC_ART_241_flushes_21.png,not_flush
SNUADC_ART_241_flushes_22.png,not_flush
SNUADC_ART_241_flushes_23.png,not_flush
SNUADC_ART_241_flushes_24.png,not_flush
SNUADC_ART_241_flushes_25.png,flush
SNUADC_ART_241_flushes_26.png,flush
SNUADC_ART_241_flushes_27.png,flush
SNUADC_ART_241_flushes_28.png,flush
SNUADC_ART_241_flushes_29.png,flush
SNUADC_ART_241_flushes_3.png,flush
SNUADC_ART_241_flushes_30.png,flush
SNUADC_ART_241_flushes_31.png,not_flush
SNUADC_ART_241_flushes_32.png,not_flush
SNUADC_ART_241_flushes_33.png,not_flush
SNUADC_ART_241_flushes_34.png,not_flush
SNUADC_ART_241_flushes_35.png,not_flush
SNUADC_ART_241_flushes_36.png,not_flush
SNUADC_ART_241_flushes_37.png,not_flush
SNUADC_ART_241_flushes_38.png,not_flush
SNUADC_ART_241_flushes_39.png,not_flush
SNUADC_ART_241_flushes_4.png,flush
SNUADC_ART_241_flushes_40.png,not_flush
SNUADC_ART_241_flushes_41.png,not_flush
SNUADC_ART_241_flushes_42.png,not_flush
SNUADC_ART_241_flushes_43.png,not_flush
SNUADC_ART_241_flushes_44.png,not_flush
SNUADC_ART_241_flushes_45.png,not_flush
SNUADC_ART_241_flushes_46.png,not_flush
SNUADC_ART_241_flushes_47.png,not_flush
SNUADC_ART_241_flushes_48.png,not_flush
SNUADC_ART_241_flushes_49.png,not_flush
SNUADC_ART_241_flushes_5.png,flush
SNUADC_ART_241_flushes_50.png,not_flush
SNUADC_ART_241_flushes_51.png,not_flush
SNUADC_ART_241_flushes_52.png,not_flush
SNUADC_ART_241_flushes_53.png,not_flush
SNUADC_ART_241_flushes_6.png,not_flush
SNUADC_ART_241_flushes_7.png,flush
SNUADC_ART_241_flushes_8.png,flush
SNUADC_ART_241_flushes_9.png,not_flush
SNUADC_ART_243_flushes_0.png,not_flush
SNUADC_ART_243_flushes_1.png,not_flush
SNUADC_ART_243_flushes_10.png,not_flush
SNUADC_ART_243_flushes_11.png,not_flush
SNUADC_ART_243_flushes_12.png,flush
SNUADC_ART_243_flushes_13.png,not_flush
SNUADC_ART_243_flushes_14.png,not_flush
SNUADC_ART_243_flushes_15.png,not_flush
SNUADC_ART_243_flushes_16.png,not_flush
SNUADC_ART_243_flushes_17.png,not_flush
SNUADC_ART_243_flushes_18.png,not_flush
SNUADC_ART_243_flushes_19.png,not_flush
SNUADC_ART_243_flushes_2.png,not_flush
SNUADC_ART_243_flushes_20.png,not_flush
SNUADC_ART_243_flushes_21.png,not_flush
SNUADC_ART_243_flushes_22.png,not_flush
SNUADC_ART_243_flushes_23.png,not_flush
SNUADC_ART_243_flushes_24.png,not_flush
SNUADC_ART_243_flushes_3.png,not_flush
SNUADC_ART_243_flushes_4.png,not_flush
SNUADC_ART_243_flushes_5.png,not_flush
SNUADC_ART_243_flushes_6.png,not_flush
SNUADC_ART_243_flushes_7.png,not_flush
SNUADC_ART_243_flushes_8.png,not_flush
SNUADC_ART_243_flushes_9.png,not_flush
SNUADC_ART_244_flushes_0.png,flush
SNUADC_ART_244_flushes_1.png,not_flush
SNUADC_ART_244_flushes_2.png,flush
SNUADC_ART_246_flushes_0.png,not_flush
SNUADC_ART_246_flushes_1.png,not_flush
SNUADC_ART_246_flushes_2.png,not_flush
SNUADC_ART_246_flushes_3.png,not_flush
SNUADC_ART_247_flushes_0.png,not_flush
SNUADC_ART_247_flushes_1.png,not_flush
SNUADC_ART_247_flushes_10.png,flush
SNUADC_ART_247_flushes_11.png,not_flush
SNUADC_ART_247_flushes_2.png,not_flush
SNUADC_ART_247_flushes_3.png,not_flush
SNUADC_ART_247_flushes_4.png,not_flush
SNUADC_ART_247_flushes_5.png,not_flush
SNUADC_ART_247_flushes_6.png,not_flush
SNUADC_ART_247_flushes_7.png,flush
SNUADC_ART_247_flushes_8.png,not_flush
SNUADC_ART_247_flushes_9.png,flush
SNUADC_ART_24_flushes_0.png,not_flush
SNUADC_ART_24_flushes_1.png,not_flush
SNUADC_ART_24_flushes_2.png,not_flush
SNUADC_ART_24_flushes_3.png,not_flush
SNUADC_ART_24_flushes_4.png,not_flush
SNUADC_ART_24_flushes_5.png,not_flush
SNUADC_ART_250_flushes_0.png,flush
SNUADC_ART_250_flushes_1.png,flush
SNUADC_ART_250_flushes_2.png,flush
SNUADC_ART_250_flushes_3.png,not_flush
SNUADC_ART_251_flushes_0.png,not_flush
SNUADC_ART_251_flushes_1.png,flush
SNUADC_ART_251_flushes_10.png,not_flush
SNUADC_ART_251_flushes_11.png,flush
SNUADC_ART_251_flushes_12.png,not_flush
SNUADC_ART_251_flushes_13.png,flush
SNUADC_ART_251_flushes_14.png,flush
SNUADC_ART_251_flushes_15.png,flush
SNUADC_ART_251_flushes_16.png,flush
SNUADC_ART_251_flushes_17.png,not_flush
SNUADC_ART_251_flushes_18.png,not_flush
SNUADC_ART_251_flushes_19.png,not_flush
SNUADC_ART_251_flushes_2.png,not_flush
SNUADC_ART_251_flushes_20.png,not_flush
SNUADC_ART_251_flushes_21.png,not_flush
SNUADC_ART_251_flushes_22.png,not_flush
SNUADC_ART_251_flushes_3.png,not_flush
SNUADC_ART_251_flushes_4.png,not_flush
SNUADC_ART_251_flushes_5.png,not_flush
SNUADC_ART_251_flushes_6.png,not_flush
SNUADC_ART_251_flushes_7.png,not_flush
SNUADC_ART_251_flushes_8.png,flush
SNUADC_ART_251_flushes_9.png,not_flush
SNUADC_ART_252_flushes_0.png,not_flush
SNUADC_ART_252_flushes_1.png,not_flush
SNUADC_ART_252_flushes_10.png,flush
SNUADC_ART_252_flushes_2.png,not_flush
SNUADC_ART_252_flushes_3.png,not_flush
SNUADC_ART_252_flushes_4.png,not_flush
SNUADC_ART_252_flushes_5.png,flush
SNUADC_ART_252_flushes_6.png,not_flush
SNUADC_ART_252_flushes_7.png,not_flush
SNUADC_ART_252_flushes_8.png,not_flush
SNUADC_ART_252_flushes_9.png,not_flush
SNUADC_ART_256_flushes_0.png,not_flush
SNUADC_ART_256_flushes_1.png,flush
SNUADC_ART_256_flushes_2.png,not_flush
SNUADC_ART_256_flushes_3.png,not_flush
SNUADC_ART_256_flushes_4.png,not_flush
SNUADC_ART_256_flushes_5.png,not_flush
SNUADC_ART_256_flushes_6.png,not_flush
SNUADC_ART_258_flushes_0.png,not_flush
SNUADC_ART_258_flushes_1.png,not_flush
SNUADC_ART_258_flushes_2.png,not_flush
SNUADC_ART_258_flushes_3.png,not_flush
SNUADC_ART_258_flushes_4.png,flush
SNUADC_ART_258_flushes_5.png,not_flush
SNUADC_ART_258_flushes_6.png,not_flush
SNUADC_ART_258_flushes_7.png,not_flush
SNUADC_ART_258_flushes_8.png,not_flush
SNUADC_ART_258_flushes_9.png,flush
SNUADC_ART_25_flushes_0.png,not_flush
SNUADC_ART_25_flushes_1.png,not_flush
SNUADC_ART_25_flushes_2.png,flush
SNUADC_ART_25_flushes_3.png,not_flush
SNUADC_ART_25_flushes_4.png,flush
SNUADC_ART_25_flushes_5.png,flush
SNUADC_ART_25_flushes_6.png,flush
SNUADC_ART_25_flushes_7.png,not_flush
SNUADC_ART_25_flushes_8.png,not_flush
SNUADC_ART_25_flushes_9.png,not_flush
SNUADC_ART_261_flushes_0.png,not_flush
SNUADC_ART_261_flushes_1.png,flush
SNUADC_ART_263_flushes_0.png,not_flush
SNUADC_ART_263_flushes_1.png,not_flush
SNUADC_ART_263_flushes_2.png,flush
SNUADC_ART_263_flushes_3.png,not_flush
SNUADC_ART_263_flushes_4.png,not_flush
SNUADC_ART_263_flushes_5.png,flush
SNUADC_ART_264_flushes_0.png,flush
SNUADC_ART_264_flushes_1.png,flush
SNUADC_ART_264_flushes_10.png,not_flush
SNUADC_ART_264_flushes_11.png,not_flush
SNUADC_ART_264_flushes_12.png,not_flush
SNUADC_ART_264_flushes_13.png,flush
SNUADC_ART_264_flushes_14.png,flush
SNUADC_ART_264_flushes_15.png,not_flush
SNUADC_ART_264_flushes_16.png,not_flush
SNUADC_ART_264_flushes_17.png,flush
SNUADC_ART_264_flushes_18.png,flush
SNUADC_ART_264_flushes_19.png,not_flush
SNUADC_ART_264_flushes_2.png,not_flush
SNUADC_ART_264_flushes_20.png,flush
SNUADC_ART_264_flushes_21.png,flush
SNUADC_ART_264_flushes_22.png,not_flush
SNUADC_ART_264_flushes_23.png,not_flush
SNUADC_ART_264_flushes_24.png,flush
SNUADC_ART_264_flushes_25.png,not_flush
SNUADC_ART_264_flushes_26.png,not_flush
SNUADC_ART_264_flushes_27.png,flush
SNUADC_ART_264_flushes_28.png,flush
SNUADC_ART_264_flushes_29.png,flush
SNUADC_ART_264_flushes_3.png,not_flush
SNUADC_ART_264_flushes_30.png,not_flush
SNUADC_ART_264_flushes_31.png,flush
SNUADC_ART_264_flushes_32.png,not_flush
SNUADC_ART_264_flushes_33.png,not_flush
SNUADC_ART_264_flushes_34.png,not_flush
SNUADC_ART_264_flushes_35.png,not_flush
SNUADC_ART_264_flushes_36.png,not_flush
SNUADC_ART_264_flushes_37.png,not_flush
SNUADC_ART_264_flushes_38.png,not_flush
SNUADC_ART_264_flushes_39.png,not_flush
SNUADC_ART_264_flushes_4.png,flush
SNUADC_ART_264_flushes_40.png,not_flush
SNUADC_ART_264_flushes_41.png,not_flush
SNUADC_ART_264_flushes_42.png,not_flush
SNUADC_ART_264_flushes_43.png,flush
SNUADC_ART_264_flushes_44.png,not_flush
SNUADC_ART_264_flushes_45.png,not_flush
SNUADC_ART_264_flushes_46.png,not_flush
SNUADC_ART_264_flushes_47.png,not_flush
SNUADC_ART_264_flushes_48.png,not_flush
SNUADC_ART_264_flushes_49.png,not_flush
SNUADC_ART_264_flushes_5.png,flush
SNUADC_ART_264_flushes_50.png,not_flush
SNUADC_ART_264_flushes_51.png,flush
SNUADC_ART_264_flushes_52.png,flush
SNUADC_ART_264_flushes_53.png,flush
SNUADC_ART_264_flushes_54.png,not_flush
SNUADC_ART_264_flushes_55.png,not_flush
SNUADC_ART_264_flushes_56.png,not_flush
SNUADC_ART_264_flushes_57.png,not_flush
SNUADC_ART_264_flushes_58.png,flush
SNUADC_ART_264_flushes_59.png,flush
SNUADC_ART_264_flushes_6.png,not_flush
SNUADC_ART_264_flushes_60.png,not_flush
SNUADC_ART_264_flushes_61.png,flush
SNUADC_ART_264_flushes_62.png,not_flush
SNUADC_ART_264_flushes_63.png,not_flush
SNUADC_ART_264_flushes_64.png,not_flush
SNUADC_ART_264_flushes_65.png,not_flush
SNUADC_ART_264_flushes_66.png,not_flush
SNUADC_ART_264_flushes_67.png,not_flush
SNUADC_ART_264_flushes_68.png,not_flush
SNUADC_ART_264_flushes_69.png,flush
SNUADC_ART_264_flushes_7.png,not_flush
SNUADC_ART_264_flushes_70.png,not_flush
SNUADC_ART_264_flushes_71.png,not_flush
SNUADC_ART_264_flushes_72.png,not_flush
SNUADC_ART_264_flushes_73.png,not_flush
SNUADC_ART_264_flushes_74.png,not_flush
SNUADC_ART_264_flushes_75.png,not_flush
SNUADC_ART_264_flushes_76.png,not_flush
SNUADC_ART_264_flushes_77.png,not_flush
SNUADC_ART_264_flushes_78.png,not_flush
SNUADC_ART_264_flushes_79.png,not_flush
SNUADC_ART_264_flushes_8.png,flush
SNUADC_ART_264_flushes_80.png,not_flush
SNUADC_ART_264_flushes_81.png,not_flush
SNUADC_ART_264_flushes_82.png,not_flush
SNUADC_ART_264_flushes_83.png,not_flush
SNUADC_ART_264_flushes_84.png,not_flush
SNUADC_ART_264_flushes_85.png,not_flush
SNUADC_ART_264_flushes_86.png,not_flush
SNUADC_ART_264_flushes_9.png,not_flush
SNUADC_ART_266_flushes_0.png,not_flush
SNUADC_ART_266_flushes_1.png,not_flush
SNUADC_ART_266_flushes_10.png,not_flush
SNUADC_ART_266_flushes_11.png,not_flush
SNUADC_ART_266_flushes_12.png,flush
SNUADC_ART_266_flushes_13.png,flush
SNUADC_ART_266_flushes_2.png,not_flush
SNUADC_ART_266_flushes_3.png,not_flush
SNUADC_ART_266_flushes_4.png,flush
SNUADC_ART_266_flushes_5.png,flush
SNUADC_ART_266_flushes_6.png,flush
SNUADC_ART_266_flushes_7.png,flush
SNUADC_ART_266_flushes_8.png,flush
SNUADC_ART_266_flushes_9.png,not_flush
SNUADC_ART_269_flushes_0.png,not_flush
SNUADC_ART_269_flushes_1.png,not_flush
SNUADC_ART_269_flushes_2.png,not_flush
SNUADC_ART_269_flushes_3.png,flush
SNUADC_ART_269_flushes_4.png,not_flush
SNUADC_ART_269_flushes_5.png,not_flush
SNUADC_ART_269_flushes_6.png,not_flush
SNUADC_ART_269_flushes_7.png,not_flush
SNUADC_ART_26_flushes_0.png,not_flush
SNUADC_ART_26_flushes_1.png,flush
SNUADC_ART_26_flushes_2.png,not_flush
SNUADC_ART_26_flushes_3.png,not_flush
SNUADC_ART_26_flushes_4.png,not_flush
SNUADC_ART_26_flushes_5.png,flush
SNUADC_ART_26_flushes_6.png,flush
SNUADC_ART_26_flushes_7.png,flush
SNUADC_ART_270_flushes_0.png,flush
SNUADC_ART_272_flushes_0.png,not_flush
SNUADC_ART_272_flushes_1.png,flush
SNUADC_ART_279_flushes_0.png,flush
SNUADC_ART_27_flushes_0.png,flush
SNUADC_ART_27_flushes_1.png,not_flush
SNUADC_ART_27_flushes_2.png,not_flush
SNUADC_ART_27_flushes_3.png,not_flush
SNUADC_ART_27_flushes_4.png,flush
SNUADC_ART_27_flushes_5.png,flush
SNUADC_ART_27_flushes_6.png,flush
SNUADC_ART_27_flushes_7.png,flush
SNUADC_ART_27_flushes_8.png,flush
SNUADC_ART_27_flushes_9.png,flush
SNUADC_ART_280_flushes_0.png,not_flush
SNUADC_ART_280_flushes_1.png,not_flush
SNUADC_ART_280_flushes_10.png,not_flush
SNUADC_ART_280_flushes_11.png,not_flush
SNUADC_ART_280_flushes_12.png,not_flush
SNUADC_ART_280_flushes_13.png,not_flush
SNUADC_ART_280_flushes_14.png,flush
SNUADC_ART_280_flushes_15.png,not_flush
SNUADC_ART_280_flushes_16.png,flush
SNUADC_ART_280_flushes_2.png,not_flush
SNUADC_ART_280_flushes_3.png,not_flush
SNUADC_ART_280_flushes_4.png,flush
SNUADC_ART_280_flushes_5.png,not_flush
SNUADC_ART_280_flushes_6.png,not_flush
SNUADC_ART_280_flushes_7.png,flush
SNUADC_ART_280_flushes_8.png,not_flush
SNUADC_ART_280_flushes_9.png,not_flush
SNUADC_ART_281_flushes_0.png,not_flush
SNUADC_ART_281_flushes_1.png,not_flush
SNUADC_ART_281_flushes_2.png,flush
SNUADC_ART_282_flushes_0.png,not_flush
SNUADC_ART_282_flushes_1.png,not_flush
SNUADC_ART_282_flushes_10.png,not_flush
SNUADC_ART_282_flushes_11.png,not_flush
SNUADC_ART_282_flushes_2.png,flush
SNUADC_ART_282_flushes_3.png,not_flush
SNUADC_ART_282_flushes_4.png,not_flush
SNUADC_ART_282_flushes_5.png,flush
SNUADC_ART_282_flushes_6.png,not_flush
SNUADC_ART_282_flushes_7.png,flush
SNUADC_ART_282_flushes_8.png,not_flush
SNUADC_ART_282_flushes_9.png,not_flush
SNUADC_ART_283_flushes_0.png,not_flush
SNUADC_ART_283_flushes_1.png,flush
SNUADC_ART_283_flushes_2.png,flush
SNUADC_ART_283_flushes_3.png,not_flush
SNUADC_ART_286_flushes_0.png,flush
SNUADC_ART_286_flushes_1.png,flush
SNUADC_ART_286_flushes_10.png,not_flush
SNUADC_ART_286_flushes_11.png,not_flush
SNUADC_ART_286_flushes_12.png,not_flush
SNUADC_ART_286_flushes_13.png,not_flush
SNUADC_ART_286_flushes_14.png,not_flush
SNUADC_ART_286_flushes_15.png,not_flush
SNUADC_ART_286_flushes_16.png,not_flush
SNUADC_ART_286_flushes_17.png,not_flush
SNUADC_ART_286_flushes_18.png,not_flush
SNUADC_ART_286_flushes_19.png,not_flush
SNUADC_ART_286_flushes_2.png,flush
SNUADC_ART_286_flushes_20.png,not_flush
SNUADC_ART_286_flushes_21.png,not_flush
SNUADC_ART_286_flushes_22.png,not_flush
SNUADC_ART_286_flushes_23.png,not_flush
SNUADC_ART_286_flushes_24.png,not_flush
SNUADC_ART_286_flushes_25.png,not_flush
SNUADC_ART_286_flushes_26.png,not_flush
SNUADC_ART_286_flushes_27.png,not_flush
SNUADC_ART_286_flushes_28.png,not_flush
SNUADC_ART_286_flushes_29.png,not_flush
SNUADC_ART_286_flushes_3.png,not_flush
SNUADC_ART_286_flushes_30.png,not_flush
SNUADC_ART_286_flushes_31.png,not_flush
SNUADC_ART_286_flushes_32.png,not_flush
SNUADC_ART_286_flushes_33.png,not_flush
SNUADC_ART_286_flushes_34.png,not_flush
SNUADC_ART_286_flushes_35.png,not_flush
SNUADC_ART_286_flushes_4.png,not_flush
SNUADC_ART_286_flushes_5.png,not_flush
SNUADC_ART_286_flushes_6.png,not_flush
SNUADC_ART_286_flushes_7.png,not_flush
SNUADC_ART_286_flushes_8.png,not_flush
SNUADC_ART_286_flushes_9.png,not_flush
SNUADC_ART_287_flushes_0.png,flush
SNUADC_ART_28_flushes_0.png,not_flush
SNUADC_ART_28_flushes_1.png,not_flush
SNUADC_ART_28_flushes_10.png,flush
SNUADC_ART_28_flushes_11.png,flush
SNUADC_ART_28_flushes_2.png,not_flush
SNUADC_ART_28_flushes_3.png,not_flush
SNUADC_ART_28_flushes_4.png,flush
SNUADC_ART_28_flushes_5.png,flush
SNUADC_ART_28_flushes_6.png,flush
SNUADC_ART_28_flushes_7.png,flush
SNUADC_ART_28_flushes_8.png,flush
SNUADC_ART_28_flushes_9.png,not_flush
SNUADC_ART_293_flushes_0.png,flush
SNUADC_ART_293_flushes_1.png,flush
SNUADC_ART_295_flushes_0.png,not_flush
SNUADC_ART_295_flushes_1.png,not_flush
SNUADC_ART_295_flushes_10.png,not_flush
SNUADC_ART_295_flushes_11.png,flush
SNUADC_ART_295_flushes_12.png,not_flush
SNUADC_ART_295_flushes_13.png,flush
SNUADC_ART_295_flushes_14.png,flush
SNUADC_ART_295_flushes_2.png,not_flush
SNUADC_ART_295_flushes_3.png,not_flush
SNUADC_ART_295_flushes_4.png,not_flush
SNUADC_ART_295_flushes_5.png,not_flush
SNUADC_ART_295_flushes_6.png,flush
SNUADC_ART_295_flushes_7.png,not_flush
SNUADC_ART_295_flushes_8.png,not_flush
SNUADC_ART_295_flushes_9.png,not_flush
SNUADC_ART_296_flushes_0.png,not_flush
SNUADC_ART_296_flushes_1.png,not_flush
SNUADC_ART_296_flushes_10.png,flush
SNUADC_ART_296_flushes_11.png,flush
SNUADC_ART_296_flushes_2.png,not_flush
SNUADC_ART_296_flushes_3.png,not_flush
SNUADC_ART_296_flushes_4.png,not_flush
SNUADC_ART_296_flushes_5.png,flush
SNUADC_ART_296_flushes_6.png,flush
SNUADC_ART_296_flushes_7.png,flush
SNUADC_ART_296_flushes_8.png,flush
SNUADC_ART_296_flushes_9.png,flush
SNUADC_ART_297_flushes_0.png,not_flush
SNUADC_ART_297_flushes_1.png,not_flush
SNUADC_ART_297_flushes_2.png,not_flush
SNUADC_ART_297_flushes_3.png,not_flush
SNUADC_ART_297_flushes_4.png,not_flush
SNUADC_ART_29_flushes_0.png,flush
SNUADC_ART_29_flushes_1.png,not_flush
SNUADC_ART_29_flushes_2.png,flush
SNUADC_ART_300_flushes_0.png,flush
SNUADC_ART_300_flushes_1.png,flush
SNUADC_ART_303_flushes_0.png,not_flush
SNUADC_ART_303_flushes_1.png,not_flush
SNUADC_ART_303_flushes_2.png,flush
SNUADC_ART_303_flushes_3.png,flush
SNUADC_ART_303_flushes_4.png,flush
SNUADC_ART_304_flushes_0.png,not_flush
SNUADC_ART_304_flushes_1.png,not_flush
SNUADC_ART_304_flushes_2.png,not_flush
SNUADC_ART_306_flushes_0.png,not_flush
SNUADC_ART_306_flushes_1.png,not_flush
SNUADC_ART_306_flushes_2.png,not_flush
SNUADC_ART_306_flushes_3.png,not_flush
SNUADC_ART_306_flushes_4.png,flush
SNUADC_ART_306_flushes_5.png,flush
SNUADC_ART_306_flushes_6.png,not_flush
SNUADC_ART_306_flushes_7.png,not_flush
SNUADC_ART_306_flushes_8.png,not_flush
SNUADC_ART_308_flushes_0.png,not_flush
SNUADC_ART_308_flushes_1.png,flush
SNUADC_ART_308_flushes_10.png,flush
SNUADC_ART_308_flushes_2.png,flush
SNUADC_ART_308_flushes_3.png,flush
SNUADC_ART_308_flushes_4.png,flush
SNUADC_ART_308_flushes_5.png,flush
SNUADC_ART_308_flushes_6.png,flush
SNUADC_ART_308_flushes_7.png,not_flush
SNUADC_ART_308_flushes_8.png,not_flush
SNUADC_ART_308_flushes_9.png,not_flush
SNUADC_ART_309_flushes_0.png,not_flush
SNUADC_ART_309_flushes_1.png,not_flush
SNUADC_ART_309_flushes_10.png,not_flush
SNUADC_ART_309_flushes_11.png,not_flush
SNUADC_ART_309_flushes_12.png,flush
SNUADC_ART_309_flushes_2.png,flush
SNUADC_ART_309_flushes_3.png,not_flush
SNUADC_ART_309_flushes_4.png,flush
SNUADC_ART_309_flushes_5.png,not_flush
SNUADC_ART_309_flushes_6.png,not_flush
SNUADC_ART_309_flushes_7.png,flush
SNUADC_ART_309_flushes_8.png,not_flush
SNUADC_ART_309_flushes_9.png,flush
SNUADC_ART_312_flushes_0.png,not_flush
SNUADC_ART_312_flushes_1.png,not_flush
SNUADC_ART_312_flushes_2.png,not_flush
SNUADC_ART_312_flushes_3.png,not_flush
SNUADC_ART_312_flushes_4.png,not_flush
SNUADC_ART_316_flushes_0.png,not_flush
SNUADC_ART_316_flushes_1.png,not_flush
SNUADC_ART_316_flushes_2.png,not_flush
SNUADC_ART_316_flushes_3.png,not_flush
SNUADC_ART_316_flushes_4.png,flush
SNUADC_ART_316_flushes_5.png,not_flush
SNUADC_ART_316_flushes_6.png,not_flush
SNUADC_ART_318_flushes_0.png,not_flush
SNUADC_ART_318_flushes_1.png,not_flush
SNUADC_ART_318_flushes_2.png,not_flush
SNUADC_ART_319_flushes_0.png,not_flush
SNUADC_ART_319_flushes_1.png,not_flush
SNUADC_ART_319_flushes_2.png,not_flush
SNUADC_ART_319_flushes_3.png,not_flush
SNUADC_ART_319_flushes_4.png,flush
SNUADC_ART_31_flushes_0.png,not_flush
SNUADC_ART_31_flushes_1.png,not_flush
SNUADC_ART_31_flushes_2.png,not_flush
SNUADC_ART_31_flushes_3.png,not_flush
SNUADC_ART_31_flushes_4.png,not_flush
SNUADC_ART_31_flushes_5.png,not_flush
SNUADC_ART_31_flushes_6.png,flush
SNUADC_ART_31_flushes_7.png,flush
SNUADC_ART_321_flushes_0.png,not_flush
SNUADC_ART_323_flushes_0.png,not_flush
SNUADC_ART_323_flushes_1.png,flush
SNUADC_ART_323_flushes_10.png,not_flush
SNUADC_ART_323_flushes_11.png,not_flush
SNUADC_ART_323_flushes_12.png,not_flush
SNUADC_ART_323_flushes_13.png,not_flush
SNUADC_ART_323_flushes_14.png,flush
SNUADC_ART_323_flushes_2.png,not_flush
SNUADC_ART_323_flushes_3.png,not_flush
SNUADC_ART_323_flushes_4.png,flush
SNUADC_ART_323_flushes_5.png,not_flush
SNUADC_ART_323_flushes_6.png,not_flush
SNUADC_ART_323_flushes_7.png,not_flush
SNUADC_ART_323_flushes_8.png,flush
SNUADC_ART_323_flushes_9.png,flush
SNUADC_ART_324_flushes_0.png,not_flush
SNUADC_ART_324_flushes_1.png,not_flush
SNUADC_ART_324_flushes_10.png,not_flush
SNUADC_ART_324_flushes_11.png,not_flush
SNUADC_ART_324_flushes_12.png,not_flush
SNUADC_ART_324_flushes_13.png,not_flush
SNUADC_ART_324_flushes_14.png,not_flush
SNUADC_ART_324_flushes_2.png,not_flush
SNUADC_ART_324_flushes_3.png,not_flush
SNUADC_ART_324_flushes_4.png,flush
SNUADC_ART_324_flushes_5.png,not_flush
SNUADC_ART_324_flushes_6.png,flush
SNUADC_ART_324_flushes_7.png,flush
SNUADC_ART_324_flushes_8.png,not_flush
SNUADC_ART_324_flushes_9.png,not_flush
SNUADC_ART_325_flushes_0.png,not_flush
SNUADC_ART_325_flushes_1.png,flush
SNUADC_ART_325_flushes_2.png,flush
SNUADC_ART_325_flushes_3.png,not_flush
SNUADC_ART_327_flushes_0.png,not_flush
SNUADC_ART_327_flushes_1.png,not_flush
SNUADC_ART_327_flushes_10.png,not_flush
SNUADC_ART_327_flushes_11.png,flush
SNUADC_ART_327_flushes_12.png,not_flush
SNUADC_ART_327_flushes_13.png,not_flush
SNUADC_ART_327_flushes_14.png,not_flush
SNUADC_ART_327_flushes_15.png,not_flush
SNUADC_ART_327_flushes_16.png,not_flush
SNUADC_ART_327_flushes_17.png,flush
SNUADC_ART_327_flushes_2.png,flush
SNUADC_ART_327_flushes_3.png,flush
SNUADC_ART_327_flushes_4.png,not_flush
SNUADC_ART_327_flushes_5.png,not_flush
SNUADC_ART_327_flushes_6.png,not_flush
SNUADC_ART_327_flushes_7.png,flush
SNUADC_ART_327_flushes_8.png,not_flush
SNUADC_ART_327_flushes_9.png,not_flush
SNUADC_ART_330_flushes_0.png,not_flush
SNUADC_ART_330_flushes_1.png,not_flush
SNUADC_ART_330_flushes_10.png,not_flush
SNUADC_ART_330_flushes_11.png,not_flush
SNUADC_ART_330_flushes_12.png,not_flush
SNUADC_ART_330_flushes_13.png,flush
SNUADC_ART_330_flushes_2.png,not_flush
SNUADC_ART_330_flushes_3.png,flush
SNUADC_ART_330_flushes_4.png,flush
SNUADC_ART_330_flushes_5.png,not_flush
SNUADC_ART_330_flushes_6.png,not_flush
SNUADC_ART_330_flushes_7.png,not_flush
SNUADC_ART_330_flushes_8.png,not_flush
SNUADC_ART_330_flushes_9.png,not_flush
SNUADC_ART_332_flushes_0.png,not_flush
SNUADC_ART_332_flushes_1.png,not_flush
SNUADC_ART_332_flushes_2.png,not_flush
SNUADC_ART_332_flushes_3.png,not_flush
SNUADC_ART_332_flushes_4.png,not_flush
SNUADC_ART_332_flushes_5.png,flush
SNUADC_ART_337_flushes_0.png,flush
SNUADC_ART_337_flushes_1.png,not_flush
SNUADC_ART_337_flushes_2.png,not_flush
SNUADC_ART_337_flushes_3.png,not_flush
SNUADC_ART_338_flushes_0.png,not_flush
SNUADC_ART_338_flushes_1.png,not_flush
SNUADC_ART_338_flushes_2.png,flush
SNUADC_ART_342_flushes_0.png,not_flush
SNUADC_ART_342_flushes_1.png,not_flush
SNUADC_ART_342_flushes_2.png,not_flush
SNUADC_ART_342_flushes_3.png,not_flush
SNUADC_ART_342_flushes_4.png,flush
SNUADC_ART_342_flushes_5.png,flush
SNUADC_ART_342_flushes_6.png,flush
SNUADC_ART_342_flushes_7.png,flush
SNUADC_ART_343_flushes_0.png,not_flush
SNUADC_ART_343_flushes_1.png,flush
SNUADC_ART_343_flushes_2.png,not_flush
SNUADC_ART_343_flushes_3.png,not_flush
SNUADC_ART_343_flushes_4.png,not_flush
SNUADC_ART_343_flushes_5.png,flush
SNUADC_ART_345_flushes_0.png,not_flush
SNUADC_ART_345_flushes_1.png,not_flush
SNUADC_ART_345_flushes_2.png,not_flush
SNUADC_ART_345_flushes_3.png,not_flush
SNUADC_ART_345_flushes_4.png,not_flush
SNUADC_ART_345_flushes_5.png,not_flush
SNUADC_ART_345_flushes_6.png,not_flush
SNUADC_ART_345_flushes_7.png,not_flush
SNUADC_ART_345_flushes_8.png,not_flush
SNUADC_ART_347_flushes_0.png,not_flush
SNUADC_ART_347_flushes_1.png,flush
SNUADC_ART_348_flushes_0.png,flush
SNUADC_ART_348_flushes_1.png,not_flush
SNUADC_ART_348_flushes_10.png,not_flush
SNUADC_ART_348_flushes_11.png,flush
SNUADC_ART_348_flushes_12.png,flush
SNUADC_ART_348_flushes_13.png,flush
SNUADC_ART_348_flushes_14.png,flush
SNUADC_ART_348_flushes_15.png,flush
SNUADC_ART_348_flushes_16.png,flush
SNUADC_ART_348_flushes_17.png,flush
SNUADC_ART_348_flushes_18.png,not_flush
SNUADC_ART_348_flushes_19.png,not_flush
SNUADC_ART_348_flushes_2.png,not_flush
SNUADC_ART_348_flushes_20.png,not_flush
SNUADC_ART_348_flushes_21.png,not_flush
SNUADC_ART_348_flushes_22.png,not_flush
SNUADC_ART_348_flushes_3.png,not_flush
SNUADC_ART_348_flushes_4.png,not_flush
SNUADC_ART_348_flushes_5.png,not_flush
SNUADC_ART_348_flushes_6.png,not_flush
SNUADC_ART_348_flushes_7.png,not_flush
SNUADC_ART_348_flushes_8.png,not_flush
SNUADC_ART_348_flushes_9.png,not_flush
SNUADC_ART_349_flushes_0.png,not_flush
SNUADC_ART_349_flushes_1.png,not_flush
SNUADC_ART_349_flushes_10.png,not_flush
SNUADC_ART_349_flushes_11.png,not_flush
SNUADC_ART_349_flushes_12.png,not_flush
SNUADC_ART_349_flushes_2.png,not_flush
SNUADC_ART_349_flushes_3.png,not_flush
SNUADC_ART_349_flushes_4.png,flush
SNUADC_ART_349_flushes_5.png,not_flush
SNUADC_ART_349_flushes_6.png,not_flush
SNUADC_ART_349_flushes_7.png,not_flush
SNUADC_ART_349_flushes_8.png,not_flush
SNUADC_ART_349_flushes_9.png,not_flush
SNUADC_ART_34_flushes_0.png,not_flush
SNUADC_ART_34_flushes_1.png,not_flush
SNUADC_ART_34_flushes_10.png,flush
SNUADC_ART_34_flushes_11.png,not_flush
SNUADC_ART_34_flushes_12.png,not_flush
SNUADC_ART_34_flushes_13.png,not_flush
SNUADC_ART_34_flushes_14.png,not_flush
SNUADC_ART_34_flushes_15.png,not_flush
SNUADC_ART_34_flushes_16.png,flush
SNUADC_ART_34_flushes_17.png,not_flush
SNUADC_ART_34_flushes_18.png,flush
SNUADC_ART_34_flushes_19.png,flush
SNUADC_ART_34_flushes_2.png,not_flush
SNUADC_ART_34_flushes_20.png,not_flush
SNUADC_ART_34_flushes_21.png,not_flush
SNUADC_ART_34_flushes_22.png,not_flush
SNUADC_ART_34_flushes_23.png,flush
SNUADC_ART_34_flushes_24.png,not_flush
SNUADC_ART_34_flushes_25.png,flush
SNUADC_ART_34_flushes_26.png,not_flush
SNUADC_ART_34_flushes_27.png,not_flush
SNUADC_ART_34_flushes_28.png,not_flush
SNUADC_ART_34_flushes_29.png,not_flush
SNUADC_ART_34_flushes_3.png,not_flush
SNUADC_ART_34_flushes_30.png,not_flush
SNUADC_ART_34_flushes_31.png,not_flush
SNUADC_ART_34_flushes_32.png,not_flush
SNUADC_ART_34_flushes_33.png,not_flush
SNUADC_ART_34_flushes_34.png,not_flush
SNUADC_ART_34_flushes_35.png,not_flush
SNUADC_ART_34_flushes_36.png,not_flush
SNUADC_ART_34_flushes_37.png,flush
SNUADC_ART_34_flushes_38.png,not_flush
SNUADC_ART_34_flushes_4.png,not_flush
SNUADC_ART_34_flushes_5.png,not_flush
SNUADC_ART_34_flushes_6.png,not_flush
SNUADC_ART_34_flushes_7.png,flush
SNUADC_ART_34_flushes_8.png,not_flush
SNUADC_ART_34_flushes_9.png,not_flush
SNUADC_ART_353_flushes_0.png,not_flush
SNUADC_ART_353_flushes_1.png,not_flush
SNUADC_ART_353_flushes_10.png,flush
SNUADC_ART_353_flushes_2.png,not_flush
SNUADC_ART_353_flushes_3.png,flush
SNUADC_ART_353_flushes_4.png,flush
SNUADC_ART_353_flushes_5.png,not_flush
SNUADC_ART_353_flushes_6.png,flush
SNUADC_ART_353_flushes_7.png,not_flush
SNUADC_ART_353_flushes_8.png,flush
SNUADC_ART_353_flushes_9.png,not_flush
SNUADC_ART_354_flushes_0.png,not_flush
SNUADC_ART_354_flushes_1.png,flush
SNUADC_ART_354_flushes_2.png,not_flush
SNUADC_ART_354_flushes_3.png,not_flush
SNUADC_ART_354_flushes_4.png,flush
SNUADC_ART_354_flushes_5.png,not_flush
SNUADC_ART_354_flushes_6.png,flush
SNUADC_ART_354_flushes_7.png,not_flush
SNUADC_ART_355_flushes_0.png,not_flush
SNUADC_ART_355_flushes_1.png,not_flush
SNUADC_ART_355_flushes_2.png,flush
SNUADC_ART_355_flushes_3.png,not_flush
SNUADC_ART_355_flushes_4.png,flush
SNUADC_ART_355_flushes_5.png,not_flush
SNUADC_ART_355_flushes_6.png,not_flush
SNUADC_ART_355_flushes_7.png,not_flush
SNUADC_ART_355_flushes_8.png,not_flush
SNUADC_ART_355_flushes_9.png,not_flush
SNUADC_ART_357_flushes_0.png,not_flush
SNUADC_ART_357_flushes_1.png,flush
SNUADC_ART_357_flushes_2.png,not_flush
SNUADC_ART_357_flushes_3.png,flush
SNUADC_ART_358_flushes_0.png,not_flush
SNUADC_ART_358_flushes_1.png,flush
SNUADC_ART_358_flushes_10.png,flush
SNUADC_ART_358_flushes_2.png,not_flush
SNUADC_ART_358_flushes_3.png,not_flush
SNUADC_ART_358_flushes_4.png,not_flush
SNUADC_ART_358_flushes_5.png,flush
SNUADC_ART_358_flushes_6.png,not_flush
SNUADC_ART_358_flushes_7.png,not_flush
SNUADC_ART_358_flushes_8.png,not_flush
SNUADC_ART_358_flushes_9.png,not_flush
SNUADC_ART_359_flushes_0.png,not_flush
SNUADC_ART_359_flushes_1.png,not_flush
SNUADC_ART_359_flushes_10.png,not_flush
SNUADC_ART_359_flushes_11.png,not_flush
SNUADC_ART_359_flushes_12.png,not_flush
SNUADC_ART_359_flushes_13.png,not_flush
SNUADC_ART_359_flushes_14.png,not_flush
SNUADC_ART_359_flushes_15.png,flush
SNUADC_ART_359_flushes_16.png,not_flush
SNUADC_ART_359_flushes_17.png,flush
SNUADC_ART_359_flushes_2.png,not_flush
SNUADC_ART_359_flushes_3.png,not_flush
SNUADC_ART_359_flushes_4.png,not_flush
SNUADC_ART_359_flushes_5.png,not_flush
SNUADC_ART_359_flushes_6.png,not_flush
SNUADC_ART_359_flushes_7.png,not_flush
SNUADC_ART_359_flushes_8.png,not_flush
SNUADC_ART_359_flushes_9.png,flush
SNUADC_ART_362_flushes_0.png,not_flush
SNUADC_ART_362_flushes_1.png,flush
SNUADC_ART_362_flushes_10.png,not_flush
SNUADC_ART_362_flushes_11.png,flush
SNUADC_ART_362_flushes_12.png,not_flush
SNUADC_ART_362_flushes_13.png,not_flush
SNUADC_ART_362_flushes_14.png,not_flush
SNUADC_ART_362_flushes_15.png,flush
SNUADC_ART_362_flushes_16.png,flush
SNUADC_ART_362_flushes_17.png,flush
SNUADC_ART_362_flushes_18.png,flush
SNUADC_ART_362_flushes_19.png,flush
SNUADC_ART_362_flushes_2.png,flush
SNUADC_ART_362_flushes_3.png,not_flush
SNUADC_ART_362_flushes_4.png,not_flush
SNUADC_ART_362_flushes_5.png,not_flush
SNUADC_ART_362_flushes_6.png,not_flush
SNUADC_ART_362_flushes_7.png,not_flush
SNUADC_ART_362_flushes_8.png,not_flush
SNUADC_ART_362_flushes_9.png,not_flush
SNUADC_ART_363_flushes_0.png,not_flush
SNUADC_ART_363_flushes_1.png,not_flush
SNUADC_ART_363_flushes_10.png,not_flush
SNUADC_ART_363_flushes_11.png,flush
SNUADC_ART_363_flushes_12.png,not_flush
SNUADC_ART_363_flushes_13.png,flush
SNUADC_ART_363_flushes_14.png,not_flush
SNUADC_ART_363_flushes_15.png,flush
SNUADC_ART_363_flushes_16.png,not_flush
SNUADC_ART_363_flushes_17.png,not_flush
SNUADC_ART_363_flushes_18.png,not_flush
SNUADC_ART_363_flushes_19.png,not_flush
SNUADC_ART_363_flushes_2.png,not_flush
SNUADC_ART_363_flushes_20.png,not_flush
SNUADC_ART_363_flushes_21.png,not_flush
SNUADC_ART_363_flushes_22.png,not_flush
SNUADC_ART_363_flushes_23.png,not_flush
SNUADC_ART_363_flushes_24.png,not_flush
SNUADC_ART_363_flushes_25.png,flush
SNUADC_ART_363_flushes_26.png,not_flush
SNUADC_ART_363_flushes_27.png,not_flush
SNUADC_ART_363_flushes_28.png,not_flush
SNUADC_ART_363_flushes_29.png,not_flush
SNUADC_ART_363_flushes_3.png,not_flush
SNUADC_ART_363_flushes_30.png,not_flush
SNUADC_ART_363_flushes_31.png,not_flush
SNUADC_ART_363_flushes_32.png,not_flush
SNUADC_ART_363_flushes_33.png,not_flush
SNUADC_ART_363_flushes_34.png,not_flush
SNUADC_ART_363_flushes_4.png,not_flush
SNUADC_ART_363_flushes_5.png,not_flush
SNUADC_ART_363_flushes_6.png,not_flush
SNUADC_ART_363_flushes_7.png,flush
SNUADC_ART_363_flushes_8.png,not_flush
SNUADC_ART_363_flushes_9.png,not_flush
SNUADC_ART_364_flushes_0.png,not_flush
SNUADC_ART_364_flushes_1.png,not_flush
SNUADC_ART_364_flushes_2.png,flush
SNUADC_ART_366_flushes_0.png,not_flush
SNUADC_ART_366_flushes_1.png,not_flush
SNUADC_ART_366_flushes_10.png,not_flush
SNUADC_ART_366_flushes_11.png,not_flush
SNUADC_ART_366_flushes_12.png,not_flush
SNUADC_ART_366_flushes_13.png,not_flush
SNUADC_ART_366_flushes_14.png,not_flush
SNUADC_ART_366_flushes_15.png,not_flush
SNUADC_ART_366_flushes_16.png,not_flush
SNUADC_ART_366_flushes_17.png,not_flush
SNUADC_ART_366_flushes_18.png,not_flush
SNUADC_ART_366_flushes_19.png,not_flush
SNUADC_ART_366_flushes_2.png,flush
SNUADC_ART_366_flushes_20.png,not_flush
SNUADC_ART_366_flushes_21.png,not_flush
SNUADC_ART_366_flushes_22.png,not_flush
SNUADC_ART_366_flushes_23.png,not_flush
SNUADC_ART_366_flushes_24.png,not_flush
SNUADC_ART_366_flushes_25.png,not_flush
SNUADC_ART_366_flushes_26.png,not_flush
SNUADC_ART_366_flushes_27.png,not_flush
SNUADC_ART_366_flushes_28.png,not_flush
SNUADC_ART_366_flushes_29.png,not_flush
SNUADC_ART_366_flushes_3.png,flush
SNUADC_ART_366_flushes_4.png,not_flush
SNUADC_ART_366_flushes_5.png,not_flush
SNUADC_ART_366_flushes_6.png,not_flush
SNUADC_ART_366_flushes_7.png,flush
SNUADC_ART_366_flushes_8.png,not_flush
SNUADC_ART_366_flushes_9.png,not_flush
SNUADC_ART_367_flushes_0.png,not_flush
SNUADC_ART_367_flushes_1.png,not_flush
SNUADC_ART_367_flushes_2.png,not_flush
SNUADC_ART_367_flushes_3.png,flush
SNUADC_ART_367_flushes_4.png,not_flush
SNUADC_ART_367_flushes_5.png,not_flush
SNUADC_ART_367_flushes_6.png,flush
SNUADC_ART_367_flushes_7.png,flush
SNUADC_ART_367_flushes_8.png,flush
SNUADC_ART_368_flushes_0.png,not_flush
SNUADC_ART_368_flushes_1.png,not_flush
SNUADC_ART_368_flushes_2.png,flush
SNUADC_ART_368_flushes_3.png,flush
SNUADC_ART_368_flushes_4.png,not_flush
SNUADC_ART_368_flushes_5.png,not_flush
SNUADC_ART_369_flushes_0.png,not_flush
SNUADC_ART_369_flushes_1.png,not_flush
SNUADC_ART_369_flushes_2.png,not_flush
SNUADC_ART_369_flushes_3.png,flush
SNUADC_ART_369_flushes_4.png,flush
SNUADC_ART_369_flushes_5.png,not_flush
SNUADC_ART_369_flushes_6.png,not_flush
SNUADC_ART_370_flushes_0.png,not_flush
SNUADC_ART_370_flushes_1.png,not_flush
SNUADC_ART_370_flushes_2.png,flush
SNUADC_ART_370_flushes_3.png,flush
SNUADC_ART_370_flushes_4.png,not_flush
SNUADC_ART_370_flushes_5.png,not_flush
SNUADC_ART_371_flushes_0.png,not_flush
SNUADC_ART_371_flushes_1.png,not_flush
SNUADC_ART_371_flushes_2.png,not_flush
SNUADC_ART_371_flushes_3.png,not_flush
SNUADC_ART_371_flushes_4.png,not_flush
SNUADC_ART_375_flushes_0.png,not_flush
SNUADC_ART_375_flushes_1.png,flush
SNUADC_ART_375_flushes_10.png,flush
SNUADC_ART_375_flushes_11.png,not_flush
SNUADC_ART_375_flushes_12.png,flush
SNUADC_ART_375_flushes_13.png,not_flush
SNUADC_ART_375_flushes_14.png,flush
SNUADC_ART_375_flushes_15.png,flush
SNUADC_ART_375_flushes_16.png,flush
SNUADC_ART_375_flushes_17.png,not_flush
SNUADC_ART_375_flushes_18.png,flush
SNUADC_ART_375_flushes_19.png,not_flush
SNUADC_ART_375_flushes_2.png,not_flush
SNUADC_ART_375_flushes_20.png,flush
SNUADC_ART_375_flushes_3.png,flush
SNUADC_ART_375_flushes_4.png,not_flush
SNUADC_ART_375_flushes_5.png,flush
SNUADC_ART_375_flushes_6.png,not_flush
SNUADC_ART_375_flushes_7.png,not_flush
SNUADC_ART_375_flushes_8.png,flush
SNUADC_ART_375_flushes_9.png,not_flush
SNUADC_ART_380_flushes_0.png,not_flush
SNUADC_ART_380_flushes_1.png,not_flush
SNUADC_ART_380_flushes_10.png,not_flush
SNUADC_ART_380_flushes_2.png,not_flush
SNUADC_ART_380_flushes_3.png,not_flush
SNUADC_ART_380_flushes_4.png,flush
SNUADC_ART_380_flushes_5.png,flush
SNUADC_ART_380_flushes_6.png,flush
SNUADC_ART_380_flushes_7.png,flush
SNUADC_ART_380_flushes_8.png,flush
SNUADC_ART_380_flushes_9.png,flush
SNUADC_ART_382_flushes_0.png,not_flush
SNUADC_ART_382_flushes_1.png,not_flush
SNUADC_ART_382_flushes_2.png,flush
SNUADC_ART_382_flushes_3.png,flush
SNUADC_ART_382_flushes_4.png,not_flush
SNUADC_ART_382_flushes_5.png,flush
SNUADC_ART_383_flushes_0.png,flush
SNUADC_ART_383_flushes_1.png,flush
SNUADC_ART_383_flushes_10.png,not_flush
SNUADC_ART_383_flushes_11.png,not_flush
SNUADC_ART_383_flushes_2.png,not_flush
SNUADC_ART_383_flushes_3.png,not_flush
SNUADC_ART_383_flushes_4.png,flush
SNUADC_ART_383_flushes_5.png,flush
SNUADC_ART_383_flushes_6.png,not_flush
SNUADC_ART_383_flushes_7.png,not_flush
SNUADC_ART_383_flushes_8.png,not_flush
SNUADC_ART_383_flushes_9.png,not_flush
SNUADC_ART_384_flushes_0.png,not_flush
SNUADC_ART_384_flushes_1.png,not_flush
SNUADC_ART_384_flushes_2.png,not_flush
SNUADC_ART_384_flushes_3.png,flush
SNUADC_ART_384_flushes_4.png,not_flush
SNUADC_ART_384_flushes_5.png,flush
SNUADC_ART_385_flushes_0.png,not_flush
SNUADC_ART_385_flushes_1.png,not_flush
SNUADC_ART_385_flushes_2.png,not_flush
SNUADC_ART_385_flushes_3.png,flush
SNUADC_ART_385_flushes_4.png,flush
SNUADC_ART_385_flushes_5.png,not_flush
SNUADC_ART_385_flushes_6.png,flush
SNUADC_ART_385_flushes_7.png,not_flush
SNUADC_ART_387_flushes_0.png,not_flush
SNUADC_ART_387_flushes_1.png,not_flush
SNUADC_ART_387_flushes_10.png,not_flush
SNUADC_ART_387_flushes_11.png,not_flush
SNUADC_ART_387_flushes_2.png,not_flush
SNUADC_ART_387_flushes_3.png,not_flush
SNUADC_ART_387_flushes_4.png,not_flush
SNUADC_ART_387_flushes_5.png,not_flush
SNUADC_ART_387_flushes_6.png,not_flush
SNUADC_ART_387_flushes_7.png,not_flush
SNUADC_ART_387_flushes_8.png,not_flush
SNUADC_ART_387_flushes_9.png,not_flush
SNUADC_ART_388_flushes_0.png,not_flush
SNUADC_ART_388_flushes_1.png,not_flush
SNUADC_ART_388_flushes_10.png,not_flush
SNUADC_ART_388_flushes_11.png,not_flush
SNUADC_ART_388_flushes_12.png,not_flush
SNUADC_ART_388_flushes_13.png,flush
SNUADC_ART_388_flushes_14.png,not_flush
SNUADC_ART_388_flushes_15.png,not_flush
SNUADC_ART_388_flushes_16.png,not_flush
SNUADC_ART_388_flushes_17.png,not_flush
SNUADC_ART_388_flushes_18.png,flush
SNUADC_ART_388_flushes_19.png,not_flush
SNUADC_ART_388_flushes_2.png,not_flush
SNUADC_ART_388_flushes_20.png,not_flush
SNUADC_ART_388_flushes_21.png,not_flush
SNUADC_ART_388_flushes_22.png,not_flush
SNUADC_ART_388_flushes_3.png,not_flush
SNUADC_ART_388_flushes_4.png,not_flush
SNUADC_ART_388_flushes_5.png,not_flush
SNUADC_ART_388_flushes_6.png,flush
SNUADC_ART_388_flushes_7.png,not_flush
SNUADC_ART_388_flushes_8.png,not_flush
SNUADC_ART_388_flushes_9.png,not_flush
SNUADC_ART_38_flushes_0.png,flush
SNUADC_ART_38_flushes_1.png,not_flush
SNUADC_ART_38_flushes_2.png,not_flush
SNUADC_ART_38_flushes_3.png,not_flush
SNUADC_ART_38_flushes_4.png,not_flush
SNUADC_ART_38_flushes_5.png,not_flush
SNUADC_ART_38_flushes_6.png,not_flush
SNUADC_ART_390_flushes_0.png,not_flush
SNUADC_ART_390_flushes_1.png,not_flush
SNUADC_ART_390_flushes_10.png,not_flush
SNUADC_ART_390_flushes_11.png,flush
SNUADC_ART_390_flushes_12.png,flush
SNUADC_ART_390_flushes_13.png,flush
SNUADC_ART_390_flushes_14.png,flush
SNUADC_ART_390_flushes_15.png,not_flush
SNUADC_ART_390_flushes_16.png,flush
SNUADC_ART_390_flushes_17.png,not_flush
SNUADC_ART_390_flushes_18.png,flush
SNUADC_ART_390_flushes_19.png,flush
SNUADC_ART_390_flushes_2.png,not_flush
SNUADC_ART_390_flushes_20.png,not_flush
SNUADC_ART_390_flushes_21.png,not_flush
SNUADC_ART_390_flushes_22.png,not_flush
SNUADC_ART_390_flushes_3.png,flush
SNUADC_ART_390_flushes_4.png,flush
SNUADC_ART_390_flushes_5.png,not_flush
SNUADC_ART_390_flushes_6.png,flush
SNUADC_ART_390_flushes_7.png,not_flush
SNUADC_ART_390_flushes_8.png,not_flush
SNUADC_ART_390_flushes_9.png,not_flush
SNUADC_ART_397_flushes_0.png,not_flush
SNUADC_ART_397_flushes_1.png,not_flush
SNUADC_ART_397_flushes_10.png,not_flush
SNUADC_ART_397_flushes_11.png,flush
SNUADC_ART_397_flushes_12.png,flush
SNUADC_ART_397_flushes_13.png,flush
SNUADC_ART_397_flushes_14.png,not_flush
SNUADC_ART_397_flushes_15.png,flush
SNUADC_ART_397_flushes_16.png,not_flush
SNUADC_ART_397_flushes_17.png,not_flush
SNUADC_ART_397_flushes_18.png,not_flush
SNUADC_ART_397_flushes_19.png,flush
SNUADC_ART_397_flushes_2.png,flush
SNUADC_ART_397_flushes_20.png,not_flush
SNUADC_ART_397_flushes_21.png,not_flush
SNUADC_ART_397_flushes_22.png,flush
SNUADC_ART_397_flushes_23.png,flush
SNUADC_ART_397_flushes_24.png,not_flush
SNUADC_ART_397_flushes_25.png,not_flush
SNUADC_ART_397_flushes_26.png,not_flush
SNUADC_ART_397_flushes_27.png,not_flush
SNUADC_ART_397_flushes_28.png,not_flush
SNUADC_ART_397_flushes_29.png,not_flush
SNUADC_ART_397_flushes_3.png,not_flush
SNUADC_ART_397_flushes_30.png,not_flush
SNUADC_ART_397_flushes_4.png,not_flush
SNUADC_ART_397_flushes_5.png,not_flush
SNUADC_ART_397_flushes_6.png,flush
SNUADC_ART_397_flushes_7.png,flush
SNUADC_ART_397_flushes_8.png,flush
SNUADC_ART_397_flushes_9.png,flush
SNUADC_ART_398_flushes_0.png,not_flush
SNUADC_ART_402_flushes_0.png,not_flush
SNUADC_ART_402_flushes_1.png,not_flush
SNUADC_ART_402_flushes_2.png,not_flush
SNUADC_ART_402_flushes_3.png,flush
SNUADC_ART_402_flushes_4.png,not_flush
SNUADC_ART_402_flushes_5.png,not_flush
SNUADC_ART_404_flushes_0.png,not_flush
SNUADC_ART_404_flushes_1.png,flush
SNUADC_ART_404_flushes_2.png,not_flush
SNUADC_ART_404_flushes_3.png,not_flush
SNUADC_ART_404_flushes_4.png,not_flush
SNUADC_ART_404_flushes_5.png,not_flush
SNUADC_ART_404_flushes_6.png,not_flush
SNUADC_ART_404_flushes_7.png,not_flush
SNUADC_ART_405_flushes_0.png,not_flush
SNUADC_ART_405_flushes_1.png,not_flush
SNUADC_ART_405_flushes_2.png,not_flush
SNUADC_ART_405_flushes_3.png,not_flush
SNUADC_ART_405_flushes_4.png,not_flush
SNUADC_ART_405_flushes_5.png,not_flush
SNUADC_ART_405_flushes_6.png,flush
SNUADC_ART_406_flushes_0.png,not_flush
SNUADC_ART_406_flushes_1.png,not_flush
SNUADC_ART_406_flushes_10.png,not_flush
SNUADC_ART_406_flushes_11.png,not_flush
SNUADC_ART_406_flushes_12.png,not_flush
SNUADC_ART_406_flushes_13.png,not_flush
SNUADC_ART_406_flushes_14.png,not_flush
SNUADC_ART_406_flushes_15.png,flush
SNUADC_ART_406_flushes_16.png,not_flush
SNUADC_ART_406_flushes_17.png,not_flush
SNUADC_ART_406_flushes_18.png,not_flush
SNUADC_ART_406_flushes_19.png,not_flush
SNUADC_ART_406_flushes_2.png,not_flush
SNUADC_ART_406_flushes_20.png,flush
SNUADC_ART_406_flushes_3.png,not_flush
SNUADC_ART_406_flushes_4.png,not_flush
SNUADC_ART_406_flushes_5.png,not_flush
SNUADC_ART_406_flushes_6.png,not_flush
SNUADC_ART_406_flushes_7.png,flush
SNUADC_ART_406_flushes_8.png,not_flush
SNUADC_ART_406_flushes_9.png,not_flush
SNUADC_ART_408_flushes_0.png,not_flush
SNUADC_ART_408_flushes_1.png,not_flush
SNUADC_ART_408_flushes_2.png,not_flush
SNUADC_ART_408_flushes_3.png,not_flush
SNUADC_ART_408_flushes_4.png,not_flush
SNUADC_ART_408_flushes_5.png,not_flush
SNUADC_ART_408_flushes_6.png,flush
SNUADC_ART_409_flushes_0.png,not_flush
SNUADC_ART_409_flushes_1.png,not_flush
SNUADC_ART_409_flushes_10.png,not_flush
SNUADC_ART_409_flushes_11.png,not_flush
SNUADC_ART_409_flushes_12.png,flush
SNUADC_ART_409_flushes_13.png,not_flush
SNUADC_ART_409_flushes_14.png,flush
SNUADC_ART_409_flushes_15.png,not_flush
SNUADC_ART_409_flushes_16.png,flush
SNUADC_ART_409_flushes_17.png,not_flush
SNUADC_ART_409_flushes_18.png,flush
SNUADC_ART_409_flushes_19.png,not_flush
SNUADC_ART_409_flushes_2.png,not_flush
SNUADC_ART_409_flushes_20.png,not_flush
SNUADC_ART_409_flushes_21.png,not_flush
SNUADC_ART_409_flushes_22.png,not_flush
SNUADC_ART_409_flushes_23.png,flush
SNUADC_ART_409_flushes_24.png,not_flush
SNUADC_ART_409_flushes_25.png,not_flush
SNUADC_ART_409_flushes_26.png,flush
SNUADC_ART_409_flushes_27.png,not_flush
SNUADC_ART_409_flushes_28.png,not_flush
SNUADC_ART_409_flushes_29.png,flush
SNUADC_ART_409_flushes_3.png,not_flush
SNUADC_ART_409_flushes_30.png,not_flush
SNUADC_ART_409_flushes_31.png,not_flush
SNUADC_ART_409_flushes_4.png,not_flush
SNUADC_ART_409_flushes_5.png,not_flush
SNUADC_ART_409_flushes_6.png,not_flush
SNUADC_ART_409_flushes_7.png,not_flush
SNUADC_ART_409_flushes_8.png,not_flush
SNUADC_ART_409_flushes_9.png,not_flush
SNUADC_ART_413_flushes_0.png,not_flush
SNUADC_ART_413_flushes_1.png,not_flush
SNUADC_ART_413_flushes_2.png,not_flush
SNUADC_ART_413_flushes_3.png,not_flush
SNUADC_ART_413_flushes_4.png,flush
SNUADC_ART_413_flushes_5.png,not_flush
SNUADC_ART_415_flushes_0.png,flush
SNUADC_ART_415_flushes_1.png,not_flush
SNUADC_ART_415_flushes_2.png,flush
SNUADC_ART_416_flushes_0.png,not_flush
SNUADC_ART_416_flushes_1.png,flush
SNUADC_ART_417_flushes_0.png,not_flush
SNUADC_ART_417_flushes_1.png,not_flush
SNUADC_ART_417_flushes_10.png,not_flush
SNUADC_ART_417_flushes_11.png,flush
SNUADC_ART_417_flushes_12.png,not_flush
SNUADC_ART_417_flushes_13.png,not_flush
SNUADC_ART_417_flushes_14.png,not_flush
SNUADC_ART_417_flushes_2.png,not_flush
SNUADC_ART_417_flushes_3.png,not_flush
SNUADC_ART_417_flushes_4.png,not_flush
SNUADC_ART_417_flushes_5.png,not_flush
SNUADC_ART_417_flushes_6.png,not_flush
SNUADC_ART_417_flushes_7.png,not_flush
SNUADC_ART_417_flushes_8.png,not_flush
SNUADC_ART_417_flushes_9.png,not_flush
SNUADC_ART_418_flushes_0.png,not_flush
SNUADC_ART_418_flushes_1.png,not_flush
SNUADC_ART_418_flushes_2.png,not_flush
SNUADC_ART_418_flushes_3.png,flush
SNUADC_ART_418_flushes_4.png,not_flush
SNUADC_ART_418_flushes_5.png,flush
SNUADC_ART_418_flushes_6.png,flush
SNUADC_ART_418_flushes_7.png,not_flush
SNUADC_ART_418_flushes_8.png,not_flush
SNUADC_ART_418_flushes_9.png,flush
SNUADC_ART_419_flushes_0.png,not_flush
SNUADC_ART_419_flushes_1.png,not_flush
SNUADC_ART_419_flushes_10.png,not_flush
SNUADC_ART_419_flushes_11.png,flush
SNUADC_ART_419_flushes_2.png,not_flush
SNUADC_ART_419_flushes_3.png,flush
SNUADC_ART_419_flushes_4.png,flush
SNUADC_ART_419_flushes_5.png,not_flush
SNUADC_ART_419_flushes_6.png,flush
SNUADC_ART_419_flushes_7.png,flush
SNUADC_ART_419_flushes_8.png,not_flush
SNUADC_ART_419_flushes_9.png,flush
SNUADC_ART_425_flushes_0.png,not_flush
SNUADC_ART_425_flushes_1.png,not_flush
SNUADC_ART_427_flushes_0.png,not_flush
SNUADC_ART_427_flushes_1.png,flush
SNUADC_ART_427_flushes_2.png,not_flush
SNUADC_ART_427_flushes_3.png,not_flush
SNUADC_ART_427_flushes_4.png,not_flush
SNUADC_ART_431_flushes_0.png,not_flush
SNUADC_ART_431_flushes_1.png,not_flush
SNUADC_ART_431_flushes_2.png,not_flush
SNUADC_ART_431_flushes_3.png,not_flush
SNUADC_ART_431_flushes_4.png,flush
SNUADC_ART_431_flushes_5.png,flush
SNUADC_ART_431_flushes_6.png,flush
SNUADC_ART_431_flushes_7.png,not_flush
SNUADC_ART_431_flushes_8.png,not_flush
SNUADC_ART_431_flushes_9.png,not_flush
SNUADC_ART_435_flushes_0.png,not_flush
SNUADC_ART_435_flushes_1.png,not_flush
SNUADC_ART_435_flushes_2.png,not_flush
SNUADC_ART_435_flushes_3.png,flush
SNUADC_ART_435_flushes_4.png,not_flush
SNUADC_ART_435_flushes_5.png,flush
SNUADC_ART_435_flushes_6.png,flush
SNUADC_ART_435_flushes_7.png,not_flush
SNUADC_ART_435_flushes_8.png,flush
SNUADC_ART_439_flushes_0.png,not_flush
SNUADC_ART_439_flushes_1.png,not_flush
SNUADC_ART_439_flushes_10.png,flush
SNUADC_ART_439_flushes_2.png,not_flush
SNUADC_ART_439_flushes_3.png,flush
SNUADC_ART_439_flushes_4.png,not_flush
SNUADC_ART_439_flushes_5.png,flush
SNUADC_ART_439_flushes_6.png,flush
SNUADC_ART_439_flushes_7.png,flush
SNUADC_ART_439_flushes_8.png,not_flush
SNUADC_ART_439_flushes_9.png,not_flush
SNUADC_ART_43_flushes_0.png,not_flush
SNUADC_ART_43_flushes_1.png,flush
SNUADC_ART_43_flushes_2.png,not_flush
SNUADC_ART_43_flushes_3.png,not_flush
SNUADC_ART_43_flushes_4.png,not_flush
SNUADC_ART_43_flushes_5.png,flush
SNUADC_ART_440_flushes_0.png,not_flush
SNUADC_ART_440_flushes_1.png,not_flush
SNUADC_ART_440_flushes_2.png,not_flush
SNUADC_ART_441_flushes_0.png,not_flush
SNUADC_ART_441_flushes_1.png,flush
SNUADC_ART_441_flushes_10.png,not_flush
SNUADC_ART_441_flushes_11.png,not_flush
SNUADC_ART_441_flushes_12.png,not_flush
SNUADC_ART_441_flushes_13.png,not_flush
SNUADC_ART_441_flushes_2.png,not_flush
SNUADC_ART_441_flushes_3.png,flush
SNUADC_ART_441_flushes_4.png,not_flush
SNUADC_ART_441_flushes_5.png,flush
SNUADC_ART_441_flushes_6.png,flush
SNUADC_ART_441_flushes_7.png,flush
SNUADC_ART_441_flushes_8.png,not_flush
SNUADC_ART_441_flushes_9.png,not_flush
SNUADC_ART_442_flushes_0.png,not_flush
SNUADC_ART_442_flushes_1.png,flush
SNUADC_ART_445_flushes_0.png,not_flush
SNUADC_ART_445_flushes_1.png,flush
SNUADC_ART_445_flushes_2.png,flush
SNUADC_ART_445_flushes_3.png,not_flush
SNUADC_ART_445_flushes_4.png,not_flush
SNUADC_ART_445_flushes_5.png,not_flush
SNUADC_ART_445_flushes_6.png,flush
SNUADC_ART_445_flushes_7.png,not_flush
SNUADC_ART_445_flushes_8.png,not_flush
SNUADC_ART_445_flushes_9.png,flush
SNUADC_ART_447_flushes_0.png,not_flush
SNUADC_ART_447_flushes_1.png,not_flush
SNUADC_ART_447_flushes_2.png,not_flush
SNUADC_ART_447_flushes_3.png,not_flush
SNUADC_ART_447_flushes_4.png,not_flush
SNUADC_ART_447_flushes_5.png,flush
SNUADC_ART_447_flushes_6.png,not_flush
SNUADC_ART_447_flushes_7.png,flush
SNUADC_ART_448_flushes_0.png,not_flush
SNUADC_ART_448_flushes_1.png,not_flush
SNUADC_ART_448_flushes_2.png,flush
SNUADC_ART_448_flushes_3.png,flush
SNUADC_ART_448_flushes_4.png,not_flush
SNUADC_ART_449_flushes_0.png,not_flush
SNUADC_ART_449_flushes_1.png,not_flush
SNUADC_ART_449_flushes_2.png,not_flush
SNUADC_ART_449_flushes_3.png,not_flush
SNUADC_ART_449_flushes_4.png,not_flush
SNUADC_ART_44_flushes_0.png,not_flush
SNUADC_ART_44_flushes_1.png,not_flush
SNUADC_ART_44_flushes_10.png,flush
SNUADC_ART_44_flushes_11.png,not_flush
SNUADC_ART_44_flushes_2.png,not_flush
SNUADC_ART_44_flushes_3.png,not_flush
SNUADC_ART_44_flushes_4.png,not_flush
SNUADC_ART_44_flushes_5.png,not_flush
SNUADC_ART_44_flushes_6.png,not_flush
SNUADC_ART_44_flushes_7.png,not_flush
SNUADC_ART_44_flushes_8.png,not_flush
SNUADC_ART_44_flushes_9.png,not_flush
SNUADC_ART_451_flushes_0.png,not_flush
SNUADC_ART_451_flushes_1.png,not_flush
SNUADC_ART_451_flushes_10.png,not_flush
SNUADC_ART_451_flushes_11.png,not_flush
SNUADC_ART_451_flushes_12.png,not_flush
SNUADC_ART_451_flushes_13.png,not_flush
SNUADC_ART_451_flushes_14.png,not_flush
SNUADC_ART_451_flushes_15.png,not_flush
SNUADC_ART_451_flushes_16.png,not_flush
SNUADC_ART_451_flushes_17.png,not_flush
SNUADC_ART_451_flushes_18.png,not_flush
SNUADC_ART_451_flushes_19.png,not_flush
SNUADC_ART_451_flushes_2.png,not_flush
SNUADC_ART_451_flushes_20.png,not_flush
SNUADC_ART_451_flushes_21.png,not_flush
SNUADC_ART_451_flushes_22.png,not_flush
SNUADC_ART_451_flushes_23.png,not_flush
SNUADC_ART_451_flushes_24.png,not_flush
SNUADC_ART_451_flushes_25.png,not_flush
SNUADC_ART_451_flushes_3.png,flush
SNUADC_ART_451_flushes_4.png,flush
SNUADC_ART_451_flushes_5.png,flush
SNUADC_ART_451_flushes_6.png,flush
SNUADC_ART_451_flushes_7.png,flush
SNUADC_ART_451_flushes_8.png,not_flush
SNUADC_ART_451_flushes_9.png,not_flush
SNUADC_ART_452_flushes_0.png,not_flush
SNUADC_ART_452_flushes_1.png,not_flush
SNUADC_ART_452_flushes_2.png,not_flush
SNUADC_ART_452_flushes_3.png,not_flush
SNUADC_ART_452_flushes_4.png,not_flush
SNUADC_ART_455_flushes_0.png,not_flush
SNUADC_ART_455_flushes_1.png,not_flush
SNUADC_ART_455_flushes_2.png,flush
SNUADC_ART_455_flushes_3.png,flush
SNUADC_ART_455_flushes_4.png,flush
SNUADC_ART_455_flushes_5.png,not_flush
SNUADC_ART_455_flushes_6.png,flush
SNUADC_ART_458_flushes_0.png,not_flush
SNUADC_ART_458_flushes_1.png,flush
SNUADC_ART_458_flushes_2.png,not_flush
SNUADC_ART_458_flushes_3.png,not_flush
SNUADC_ART_458_flushes_4.png,not_flush
SNUADC_ART_458_flushes_5.png,flush
SNUADC_ART_460_flushes_0.png,not_flush
SNUADC_ART_460_flushes_1.png,not_flush
SNUADC_ART_460_flushes_10.png,flush
SNUADC_ART_460_flushes_2.png,not_flush
SNUADC_ART_460_flushes_3.png,not_flush
SNUADC_ART_460_flushes_4.png,not_flush
SNUADC_ART_460_flushes_5.png,not_flush
SNUADC_ART_460_flushes_6.png,flush
SNUADC_ART_460_flushes_7.png,not_flush
SNUADC_ART_460_flushes_8.png,not_flush
SNUADC_ART_460_flushes_9.png,not_flush
SNUADC_ART_462_flushes_0.png,not_flush
SNUADC_ART_462_flushes_1.png,not_flush
SNUADC_ART_462_flushes_10.png,flush
SNUADC_ART_462_flushes_11.png,not_flush
SNUADC_ART_462_flushes_12.png,not_flush
SNUADC_ART_462_flushes_13.png,not_flush
SNUADC_ART_462_flushes_14.png,not_flush
SNUADC_ART_462_flushes_15.png,not_flush
SNUADC_ART_462_flushes_16.png,not_flush
SNUADC_ART_462_flushes_17.png,not_flush
SNUADC_ART_462_flushes_18.png,not_flush
SNUADC_ART_462_flushes_2.png,not_flush
SNUADC_ART_462_flushes_3.png,not_flush
SNUADC_ART_462_flushes_4.png,not_flush
SNUADC_ART_462_flushes_5.png,flush
SNUADC_ART_462_flushes_6.png,flush
SNUADC_ART_462_flushes_7.png,flush
SNUADC_ART_462_flushes_8.png,not_flush
SNUADC_ART_462_flushes_9.png,not_flush
SNUADC_ART_463_flushes_0.png,not_flush
SNUADC_ART_463_flushes_1.png,not_flush
SNUADC_ART_463_flushes_10.png,flush
SNUADC_ART_463_flushes_11.png,not_flush
SNUADC_ART_463_flushes_12.png,flush
SNUADC_ART_463_flushes_2.png,not_flush
SNUADC_ART_463_flushes_3.png,not_flush
SNUADC_ART_463_flushes_4.png,not_flush
SNUADC_ART_463_flushes_5.png,not_flush
SNUADC_ART_463_flushes_6.png,not_flush
SNUADC_ART_463_flushes_7.png,not_flush
SNUADC_ART_463_flushes_8.png,flush
SNUADC_ART_463_flushes_9.png,not_flush
SNUADC_ART_464_flushes_0.png,not_flush
SNUADC_ART_464_flushes_1.png,not_flush
SNUADC_ART_464_flushes_2.png,not_flush
SNUADC_ART_464_flushes_3.png,flush
SNUADC_ART_464_flushes_4.png,flush
SNUADC_ART_464_flushes_5.png,not_flush
SNUADC_ART_464_flushes_6.png,not_flush
SNUADC_ART_464_flushes_7.png,not_flush
SNUADC_ART_466_flushes_0.png,not_flush
SNUADC_ART_466_flushes_1.png,flush
SNUADC_ART_469_flushes_0.png,not_flush
SNUADC_ART_469_flushes_1.png,not_flush
SNUADC_ART_469_flushes_2.png,not_flush
SNUADC_ART_469_flushes_3.png,flush
SNUADC_ART_469_flushes_4.png,flush
SNUADC_ART_469_flushes_5.png,flush
SNUADC_ART_46_flushes_0.png,flush
SNUADC_ART_46_flushes_1.png,not_flush
SNUADC_ART_46_flushes_2.png,not_flush
SNUADC_ART_46_flushes_3.png,not_flush
SNUADC_ART_46_flushes_4.png,flush
SNUADC_ART_472_flushes_0.png,not_flush
SNUADC_ART_472_flushes_1.png,not_flush
SNUADC_ART_472_flushes_10.png,not_flush
SNUADC_ART_472_flushes_11.png,not_flush
SNUADC_ART_472_flushes_2.png,not_flush
SNUADC_ART_472_flushes_3.png,not_flush
SNUADC_ART_472_flushes_4.png,not_flush
SNUADC_ART_472_flushes_5.png,flush
SNUADC_ART_472_flushes_6.png,not_flush
SNUADC_ART_472_flushes_7.png,not_flush
SNUADC_ART_472_flushes_8.png,flush
SNUADC_ART_472_flushes_9.png,not_flush
SNUADC_ART_474_flushes_0.png,not_flush
SNUADC_ART_474_flushes_1.png,not_flush
SNUADC_ART_474_flushes_10.png,flush
SNUADC_ART_474_flushes_11.png,not_flush
SNUADC_ART_474_flushes_12.png,not_flush
SNUADC_ART_474_flushes_13.png,not_flush
SNUADC_ART_474_flushes_14.png,not_flush
SNUADC_ART_474_flushes_15.png,not_flush
SNUADC_ART_474_flushes_16.png,not_flush
SNUADC_ART_474_flushes_2.png,flush
SNUADC_ART_474_flushes_3.png,flush
SNUADC_ART_474_flushes_4.png,not_flush
SNUADC_ART_474_flushes_5.png,flush
SNUADC_ART_474_flushes_6.png,not_flush
SNUADC_ART_474_flushes_7.png,flush
SNUADC_ART_474_flushes_8.png,not_flush
SNUADC_ART_474_flushes_9.png,not_flush
SNUADC_ART_476_flushes_0.png,not_flush
SNUADC_ART_476_flushes_1.png,not_flush
SNUADC_ART_476_flushes_2.png,not_flush
SNUADC_ART_476_flushes_3.png,not_flush
SNUADC_ART_476_flushes_4.png,not_flush
SNUADC_ART_476_flushes_5.png,not_flush
SNUADC_ART_477_flushes_0.png,not_flush
SNUADC_ART_477_flushes_1.png,not_flush
SNUADC_ART_477_flushes_2.png,flush
SNUADC_ART_477_flushes_3.png,flush
SNUADC_ART_478_flushes_0.png,flush
SNUADC_ART_481_flushes_0.png,not_flush
SNUADC_ART_481_flushes_1.png,not_flush
SNUADC_ART_481_flushes_2.png,not_flush
SNUADC_ART_481_flushes_3.png,flush
SNUADC_ART_481_flushes_4.png,not_flush
SNUADC_ART_481_flushes_5.png,flush
SNUADC_ART_481_flushes_6.png,not_flush
SNUADC_ART_481_flushes_7.png,not_flush
SNUADC_ART_484_flushes_0.png,flush
SNUADC_ART_484_flushes_1.png,not_flush
SNUADC_ART_484_flushes_2.png,not_flush
SNUADC_ART_484_flushes_3.png,flush
SNUADC_ART_484_flushes_4.png,not_flush
SNUADC_ART_484_flushes_5.png,not_flush
SNUADC_ART_484_flushes_6.png,not_flush
SNUADC_ART_484_flushes_7.png,not_flush
SNUADC_ART_485_flushes_0.png,not_flush
SNUADC_ART_485_flushes_1.png,flush
SNUADC_ART_485_flushes_10.png,not_flush
SNUADC_ART_485_flushes_11.png,flush
SNUADC_ART_485_flushes_2.png,not_flush
SNUADC_ART_485_flushes_3.png,flush
SNUADC_ART_485_flushes_4.png,not_flush
SNUADC_ART_485_flushes_5.png,not_flush
SNUADC_ART_485_flushes_6.png,not_flush
SNUADC_ART_485_flushes_7.png,flush
SNUADC_ART_485_flushes_8.png,not_flush
SNUADC_ART_485_flushes_9.png,not_flush
SNUADC_ART_486_flushes_0.png,not_flush
SNUADC_ART_486_flushes_1.png,not_flush
SNUADC_ART_486_flushes_10.png,flush
SNUADC_ART_486_flushes_11.png,not_flush
SNUADC_ART_486_flushes_12.png,not_flush
SNUADC_ART_486_flushes_13.png,flush
SNUADC_ART_486_flushes_2.png,not_flush
SNUADC_ART_486_flushes_3.png,flush
SNUADC_ART_486_flushes_4.png,not_flush
SNUADC_ART_486_flushes_5.png,not_flush
SNUADC_ART_486_flushes_6.png,not_flush
SNUADC_ART_486_flushes_7.png,not_flush
SNUADC_ART_486_flushes_8.png,not_flush
SNUADC_ART_486_flushes_9.png,not_flush
SNUADC_ART_488_flushes_0.png,not_flush
SNUADC_ART_488_flushes_1.png,flush
SNUADC_ART_488_flushes_2.png,not_flush
SNUADC_ART_488_flushes_3.png,not_flush
SNUADC_ART_488_flushes_4.png,not_flush
SNUADC_ART_488_flushes_5.png,flush
SNUADC_ART_490_flushes_0.png,not_flush
SNUADC_ART_490_flushes_1.png,not_flush
SNUADC_ART_490_flushes_10.png,not_flush
SNUADC_ART_490_flushes_11.png,not_flush
SNUADC_ART_490_flushes_12.png,not_flush
SNUADC_ART_490_flushes_13.png,flush
SNUADC_ART_490_flushes_14.png,flush
SNUADC_ART_490_flushes_2.png,not_flush
SNUADC_ART_490_flushes_3.png,not_flush
SNUADC_ART_490_flushes_4.png,not_flush
SNUADC_ART_490_flushes_5.png,not_flush
SNUADC_ART_490_flushes_6.png,not_flush
SNUADC_ART_490_flushes_7.png,not_flush
SNUADC_ART_490_flushes_8.png,not_flush
SNUADC_ART_490_flushes_9.png,flush
SNUADC_ART_492_flushes_0.png,not_flush
SNUADC_ART_492_flushes_1.png,flush
SNUADC_ART_492_flushes_10.png,flush
SNUADC_ART_492_flushes_11.png,not_flush
SNUADC_ART_492_flushes_12.png,not_flush
SNUADC_ART_492_flushes_13.png,flush
SNUADC_ART_492_flushes_14.png,flush
SNUADC_ART_492_flushes_2.png,flush
SNUADC_ART_492_flushes_3.png,flush
SNUADC_ART_492_flushes_4.png,flush
SNUADC_ART_492_flushes_5.png,not_flush
SNUADC_ART_492_flushes_6.png,not_flush
SNUADC_ART_492_flushes_7.png,not_flush
SNUADC_ART_492_flushes_8.png,flush
SNUADC_ART_492_flushes_9.png,flush
SNUADC_ART_495_flushes_0.png,not_flush
SNUADC_ART_495_flushes_1.png,not_flush
SNUADC_ART_495_flushes_2.png,not_flush
SNUADC_ART_495_flushes_3.png,not_flush
SNUADC_ART_495_flushes_4.png,not_flush
SNUADC_ART_495_flushes_5.png,flush
SNUADC_ART_497_flushes_0.png,flush
SNUADC_ART_497_flushes_1.png,flush
SNUADC_ART_497_flushes_10.png,flush
SNUADC_ART_497_flushes_11.png,not_flush
SNUADC_ART_497_flushes_12.png,not_flush
SNUADC_ART_497_flushes_2.png,not_flush
SNUADC_ART_497_flushes_3.png,not_flush
SNUADC_ART_497_flushes_4.png,flush
SNUADC_ART_497_flushes_5.png,not_flush
SNUADC_ART_497_flushes_6.png,flush
SNUADC_ART_497_flushes_7.png,not_flush
SNUADC_ART_497_flushes_8.png,flush
SNUADC_ART_497_flushes_9.png,not_flush
SNUADC_ART_499_flushes_0.png,not_flush
SNUADC_ART_499_flushes_1.png,not_flush
SNUADC_ART_499_flushes_2.png,not_flush
SNUADC_ART_499_flushes_3.png,not_flush
SNUADC_ART_499_flushes_4.png,not_flush
SNUADC_ART_499_flushes_5.png,not_flush
SNUADC_ART_499_flushes_6.png,flush
SNUADC_ART_499_flushes_7.png,not_flush
SNUADC_ART_49_flushes_0.png,not_flush
SNUADC_ART_49_flushes_1.png,not_flush
SNUADC_ART_49_flushes_10.png,not_flush
SNUADC_ART_49_flushes_11.png,not_flush
SNUADC_ART_49_flushes_2.png,flush
SNUADC_ART_49_flushes_3.png,not_flush
SNUADC_ART_49_flushes_4.png,not_flush
SNUADC_ART_49_flushes_5.png,flush
SNUADC_ART_49_flushes_6.png,not_flush
SNUADC_ART_49_flushes_7.png,not_flush
SNUADC_ART_49_flushes_8.png,not_flush
SNUADC_ART_49_flushes_9.png,not_flush
SNUADC_ART_4_flushes_0.png,flush
SNUADC_ART_4_flushes_1.png,not_flush
SNUADC_ART_4_flushes_2.png,flush
SNUADC_ART_4_flushes_3.png,flush
SNUADC_ART_4_flushes_4.png,flush
SNUADC_ART_4_flushes_5.png,flush
SNUADC_ART_4_flushes_6.png,flush
SNUADC_ART_4_flushes_7.png,flush
SNUADC_ART_4_flushes_8.png,flush
SNUADC_ART_501_flushes_0.png,not_flush
SNUADC_ART_501_flushes_1.png,not_flush
SNUADC_ART_501_flushes_2.png,not_flush
SNUADC_ART_501_flushes_3.png,not_flush
SNUADC_ART_501_flushes_4.png,not_flush
SNUADC_ART_501_flushes_5.png,flush
SNUADC_ART_501_flushes_6.png,flush
SNUADC_ART_501_flushes_7.png,flush
SNUADC_ART_505_flushes_0.png,not_flush
SNUADC_ART_505_flushes_1.png,flush
SNUADC_ART_505_flushes_10.png,flush
SNUADC_ART_505_flushes_11.png,not_flush
SNUADC_ART_505_flushes_2.png,not_flush
SNUADC_ART_505_flushes_3.png,not_flush
SNUADC_ART_505_flushes_4.png,not_flush
SNUADC_ART_505_flushes_5.png,flush
SNUADC_ART_505_flushes_6.png,flush
SNUADC_ART_505_flushes_7.png,not_flush
SNUADC_ART_505_flushes_8.png,not_flush
SNUADC_ART_505_flushes_9.png,flush
SNUADC_ART_506_flushes_0.png,not_flush
SNUADC_ART_506_flushes_1.png,flush
SNUADC_ART_506_flushes_2.png,not_flush
SNUADC_ART_507_flushes_0.png,not_flush
SNUADC_ART_507_flushes_1.png,not_flush
SNUADC_ART_507_flushes_10.png,not_flush
SNUADC_ART_507_flushes_11.png,not_flush
SNUADC_ART_507_flushes_12.png,not_flush
SNUADC_ART_507_flushes_13.png,not_flush
SNUADC_ART_507_flushes_14.png,not_flush
SNUADC_ART_507_flushes_15.png,not_flush
SNUADC_ART_507_flushes_16.png,not_flush
SNUADC_ART_507_flushes_17.png,flush
SNUADC_ART_507_flushes_2.png,not_flush
SNUADC_ART_507_flushes_3.png,not_flush
SNUADC_ART_507_flushes_4.png,not_flush
SNUADC_ART_507_flushes_5.png,not_flush
SNUADC_ART_507_flushes_6.png,flush
SNUADC_ART_507_flushes_7.png,flush
SNUADC_ART_507_flushes_8.png,not_flush
SNUADC_ART_507_flushes_9.png,flush
SNUADC_ART_512_flushes_0.png,not_flush
SNUADC_ART_512_flushes_1.png,not_flush
SNUADC_ART_512_flushes_10.png,not_flush
SNUADC_ART_512_flushes_11.png,flush
SNUADC_ART_512_flushes_12.png,flush
SNUADC_ART_512_flushes_13.png,flush
SNUADC_ART_512_flushes_2.png,not_flush
SNUADC_ART_512_flushes_3.png,flush
SNUADC_ART_512_flushes_4.png,not_flush
SNUADC_ART_512_flushes_5.png,not_flush
SNUADC_ART_512_flushes_6.png,not_flush
SNUADC_ART_512_flushes_7.png,not_flush
SNUADC_ART_512_flushes_8.png,not_flush
SNUADC_ART_512_flushes_9.png,not_flush
SNUADC_ART_513_flushes_0.png,not_flush
SNUADC_ART_513_flushes_1.png,not_flush
SNUADC_ART_513_flushes_2.png,not_flush
SNUADC_ART_513_flushes_3.png,not_flush
SNUADC_ART_513_flushes_4.png,not_flush
SNUADC_ART_513_flushes_5.png,not_flush
SNUADC_ART_513_flushes_6.png,not_flush
SNUADC_ART_516_flushes_0.png,not_flush
SNUADC_ART_516_flushes_1.png,not_flush
SNUADC_ART_516_flushes_2.png,not_flush
SNUADC_ART_516_flushes_3.png,not_flush
SNUADC_ART_516_flushes_4.png,not_flush
SNUADC_ART_516_flushes_5.png,not_flush
SNUADC_ART_51_flushes_0.png,flush
SNUADC_ART_520_flushes_0.png,not_flush
SNUADC_ART_520_flushes_1.png,not_flush
SNUADC_ART_520_flushes_2.png,not_flush
SNUADC_ART_520_flushes_3.png,flush
SNUADC_ART_520_flushes_4.png,flush
SNUADC_ART_520_flushes_5.png,flush
SNUADC_ART_520_flushes_6.png,flush
SNUADC_ART_520_flushes_7.png,not_flush
SNUADC_ART_520_flushes_8.png,flush
SNUADC_ART_521_flushes_0.png,flush
SNUADC_ART_521_flushes_1.png,not_flush
SNUADC_ART_521_flushes_2.png,flush
SNUADC_ART_521_flushes_3.png,not_flush
SNUADC_ART_521_flushes_4.png,not_flush
SNUADC_ART_521_flushes_5.png,not_flush
SNUADC_ART_521_flushes_6.png,flush
SNUADC_ART_524_flushes_0.png,not_flush
SNUADC_ART_524_flushes_1.png,flush
SNUADC_ART_524_flushes_2.png,flush
SNUADC_ART_524_flushes_3.png,flush
SNUADC_ART_524_flushes_4.png,flush
SNUADC_ART_524_flushes_5.png,flush
SNUADC_ART_524_flushes_6.png,flush
SNUADC_ART_524_flushes_7.png,flush
SNUADC_ART_526_flushes_0.png,not_flush
SNUADC_ART_526_flushes_1.png,not_flush
SNUADC_ART_526_flushes_10.png,not_flush
SNUADC_ART_526_flushes_11.png,not_flush
SNUADC_ART_526_flushes_12.png,not_flush
SNUADC_ART_526_flushes_13.png,not_flush
SNUADC_ART_526_flushes_14.png,flush
SNUADC_ART_526_flushes_15.png,not_flush
SNUADC_ART_526_flushes_16.png,flush
SNUADC_ART_526_flushes_2.png,not_flush
SNUADC_ART_526_flushes_3.png,not_flush
SNUADC_ART_526_flushes_4.png,flush
SNUADC_ART_526_flushes_5.png,not_flush
SNUADC_ART_526_flushes_6.png,not_flush
SNUADC_ART_526_flushes_7.png,not_flush
SNUADC_ART_526_flushes_8.png,not_flush
SNUADC_ART_526_flushes_9.png,not_flush
SNUADC_ART_527_flushes_0.png,not_flush
SNUADC_ART_527_flushes_1.png,not_flush
SNUADC_ART_527_flushes_10.png,flush
SNUADC_ART_527_flushes_11.png,flush
SNUADC_ART_527_flushes_12.png,flush
SNUADC_ART_527_flushes_2.png,not_flush
SNUADC_ART_527_flushes_3.png,not_flush
SNUADC_ART_527_flushes_4.png,flush
SNUADC_ART_527_flushes_5.png,flush
SNUADC_ART_527_flushes_6.png,not_flush
SNUADC_ART_527_flushes_7.png,flush
SNUADC_ART_527_flushes_8.png,flush
SNUADC_ART_527_flushes_9.png,flush
SNUADC_ART_52_flushes_0.png,not_flush
SNUADC_ART_52_flushes_1.png,not_flush
SNUADC_ART_530_flushes_0.png,not_flush
SNUADC_ART_530_flushes_1.png,not_flush
SNUADC_ART_530_flushes_10.png,not_flush
SNUADC_ART_530_flushes_11.png,not_flush
SNUADC_ART_530_flushes_12.png,not_flush
SNUADC_ART_530_flushes_13.png,not_flush
SNUADC_ART_530_flushes_14.png,not_flush
SNUADC_ART_530_flushes_2.png,not_flush
SNUADC_ART_530_flushes_3.png,flush
SNUADC_ART_530_flushes_4.png,not_flush
SNUADC_ART_530_flushes_5.png,not_flush
SNUADC_ART_530_flushes_6.png,not_flush
SNUADC_ART_530_flushes_7.png,flush
SNUADC_ART_530_flushes_8.png,not_flush
SNUADC_ART_530_flushes_9.png,not_flush
SNUADC_ART_531_flushes_0.png,not_flush
SNUADC_ART_531_flushes_1.png,not_flush
SNUADC_ART_531_flushes_2.png,not_flush
SNUADC_ART_531_flushes_3.png,flush
SNUADC_ART_531_flushes_4.png,flush
SNUADC_ART_531_flushes_5.png,flush
SNUADC_ART_531_flushes_6.png,not_flush
SNUADC_ART_531_flushes_7.png,not_flush
SNUADC_ART_533_flushes_0.png,not_flush
SNUADC_ART_533_flushes_1.png,not_flush
SNUADC_ART_533_flushes_10.png,not_flush
SNUADC_ART_533_flushes_11.png,not_flush
SNUADC_ART_533_flushes_2.png,not_flush
SNUADC_ART_533_flushes_3.png,not_flush
SNUADC_ART_533_flushes_4.png,not_flush
SNUADC_ART_533_flushes_5.png,not_flush
SNUADC_ART_533_flushes_6.png,not_flush
SNUADC_ART_533_flushes_7.png,not_flush
SNUADC_ART_533_flushes_8.png,flush
SNUADC_ART_533_flushes_9.png,not_flush
SNUADC_ART_535_flushes_0.png,flush
SNUADC_ART_535_flushes_1.png,not_flush
SNUADC_ART_535_flushes_2.png,flush
SNUADC_ART_536_flushes_0.png,not_flush
SNUADC_ART_536_flushes_1.png,not_flush
SNUADC_ART_536_flushes_2.png,not_flush
SNUADC_ART_536_flushes_3.png,not_flush
SNUADC_ART_537_flushes_0.png,not_flush
SNUADC_ART_537_flushes_1.png,flush
SNUADC_ART_537_flushes_2.png,flush
SNUADC_ART_53_flushes_0.png,not_flush
SNUADC_ART_53_flushes_1.png,not_flush
SNUADC_ART_541_flushes_0.png,not_flush
SNUADC_ART_541_flushes_1.png,not_flush
SNUADC_ART_541_flushes_10.png,flush
SNUADC_ART_541_flushes_11.png,not_flush
SNUADC_ART_541_flushes_2.png,not_flush
SNUADC_ART_541_flushes_3.png,flush
SNUADC_ART_541_flushes_4.png,flush
SNUADC_ART_541_flushes_5.png,flush
SNUADC_ART_541_flushes_6.png,not_flush
SNUADC_ART_541_flushes_7.png,flush
SNUADC_ART_541_flushes_8.png,not_flush
SNUADC_ART_541_flushes_9.png,not_flush
SNUADC_ART_543_flushes_0.png,not_flush
SNUADC_ART_543_flushes_1.png,flush
SNUADC_ART_543_flushes_2.png,not_flush
SNUADC_ART_543_flushes_3.png,not_flush
SNUADC_ART_543_flushes_4.png,not_flush
SNUADC_ART_543_flushes_5.png,not_flush
SNUADC_ART_543_flushes_6.png,not_flush
SNUADC_ART_544_flushes_0.png,not_flush
SNUADC_ART_544_flushes_1.png,not_flush
SNUADC_ART_544_flushes_10.png,flush
SNUADC_ART_544_flushes_2.png,flush
SNUADC_ART_544_flushes_3.png,flush
SNUADC_ART_544_flushes_4.png,not_flush
SNUADC_ART_544_flushes_5.png,not_flush
SNUADC_ART_544_flushes_6.png,not_flush
SNUADC_ART_544_flushes_7.png,not_flush
SNUADC_ART_544_flushes_8.png,flush
SNUADC_ART_544_flushes_9.png,not_flush
SNUADC_ART_545_flushes_0.png,not_flush
SNUADC_ART_545_flushes_1.png,not_flush
SNUADC_ART_545_flushes_2.png,flush
SNUADC_ART_547_flushes_0.png,not_flush
SNUADC_ART_547_flushes_1.png,not_flush
SNUADC_ART_547_flushes_2.png,not_flush
SNUADC_ART_547_flushes_3.png,not_flush
SNUADC_ART_547_flushes_4.png,flush
SNUADC_ART_547_flushes_5.png,not_flush
SNUADC_ART_547_flushes_6.png,not_flush
SNUADC_ART_547_flushes_7.png,flush
SNUADC_ART_550_flushes_0.png,not_flush
SNUADC_ART_550_flushes_1.png,not_flush
SNUADC_ART_550_flushes_2.png,not_flush
SNUADC_ART_550_flushes_3.png,not_flush
SNUADC_ART_551_flushes_0.png,not_flush
SNUADC_ART_551_flushes_1.png,not_flush
SNUADC_ART_551_flushes_2.png,not_flush
SNUADC_ART_551_flushes_3.png,flush
SNUADC_ART_551_flushes_4.png,flush
SNUADC_ART_553_flushes_0.png,not_flush
SNUADC_ART_553_flushes_1.png,not_flush
SNUADC_ART_553_flushes_10.png,not_flush
SNUADC_ART_553_flushes_11.png,not_flush
SNUADC_ART_553_flushes_12.png,not_flush
SNUADC_ART_553_flushes_13.png,not_flush
SNUADC_ART_553_flushes_14.png,not_flush
SNUADC_ART_553_flushes_15.png,not_flush
SNUADC_ART_553_flushes_16.png,not_flush
SNUADC_ART_553_flushes_17.png,not_flush
SNUADC_ART_553_flushes_18.png,not_flush
SNUADC_ART_553_flushes_19.png,not_flush
SNUADC_ART_553_flushes_2.png,not_flush
SNUADC_ART_553_flushes_20.png,not_flush
SNUADC_ART_553_flushes_21.png,not_flush
SNUADC_ART_553_flushes_22.png,not_flush
SNUADC_ART_553_flushes_23.png,not_flush
SNUADC_ART_553_flushes_24.png,not_flush
SNUADC_ART_553_flushes_3.png,not_flush
SNUADC_ART_553_flushes_4.png,not_flush
SNUADC_ART_553_flushes_5.png,not_flush
SNUADC_ART_553_flushes_6.png,not_flush
SNUADC_ART_553_flushes_7.png,not_flush
SNUADC_ART_553_flushes_8.png,not_flush
SNUADC_ART_553_flushes_9.png,not_flush
SNUADC_ART_559_flushes_0.png,not_flush
SNUADC_ART_559_flushes_1.png,flush
SNUADC_ART_559_flushes_10.png,not_flush
SNUADC_ART_559_flushes_11.png,not_flush
SNUADC_ART_559_flushes_12.png,not_flush
SNUADC_ART_559_flushes_13.png,not_flush
SNUADC_ART_559_flushes_2.png,not_flush
SNUADC_ART_559_flushes_3.png,not_flush
SNUADC_ART_559_flushes_4.png,not_flush
SNUADC_ART_559_flushes_5.png,not_flush
SNUADC_ART_559_flushes_6.png,flush
SNUADC_ART_559_flushes_7.png,not_flush
SNUADC_ART_559_flushes_8.png,not_flush
SNUADC_ART_559_flushes_9.png,not_flush
SNUADC_ART_55_flushes_0.png,not_flush
SNUADC_ART_55_flushes_1.png,not_flush
SNUADC_ART_55_flushes_10.png,flush
SNUADC_ART_55_flushes_11.png,not_flush
SNUADC_ART_55_flushes_12.png,not_flush
SNUADC_ART_55_flushes_13.png,not_flush
SNUADC_ART_55_flushes_14.png,not_flush
SNUADC_ART_55_flushes_15.png,not_flush
SNUADC_ART_55_flushes_16.png,not_flush
SNUADC_ART_55_flushes_17.png,not_flush
SNUADC_ART_55_flushes_18.png,not_flush
SNUADC_ART_55_flushes_19.png,not_flush
SNUADC_ART_55_flushes_2.png,not_flush
SNUADC_ART_55_flushes_20.png,flush
SNUADC_ART_55_flushes_3.png,not_flush
SNUADC_ART_55_flushes_4.png,not_flush
SNUADC_ART_55_flushes_5.png,not_flush
SNUADC_ART_55_flushes_6.png,not_flush
SNUADC_ART_55_flushes_7.png,not_flush
SNUADC_ART_55_flushes_8.png,not_flush
SNUADC_ART_55_flushes_9.png,not_flush
SNUADC_ART_560_flushes_0.png,not_flush
SNUADC_ART_560_flushes_1.png,not_flush
SNUADC_ART_560_flushes_2.png,flush
SNUADC_ART_560_flushes_3.png,flush
SNUADC_ART_560_flushes_4.png,not_flush
SNUADC_ART_560_flushes_5.png,flush
SNUADC_ART_560_flushes_6.png,not_flush
SNUADC_ART_560_flushes_7.png,not_flush
SNUADC_ART_561_flushes_0.png,not_flush
SNUADC_ART_561_flushes_1.png,not_flush
SNUADC_ART_561_flushes_2.png,not_flush
SNUADC_ART_561_flushes_3.png,not_flush
SNUADC_ART_562_flushes_0.png,not_flush
SNUADC_ART_562_flushes_1.png,not_flush
SNUADC_ART_562_flushes_2.png,flush
SNUADC_ART_562_flushes_3.png,flush
SNUADC_ART_562_flushes_4.png,not_flush
SNUADC_ART_562_flushes_5.png,not_flush
SNUADC_ART_562_flushes_6.png,flush
SNUADC_ART_562_flushes_7.png,not_flush
SNUADC_ART_562_flushes_8.png,not_flush
SNUADC_ART_563_flushes_0.png,not_flush
SNUADC_ART_563_flushes_1.png,not_flush
SNUADC_ART_563_flushes_2.png,not_flush
SNUADC_ART_563_flushes_3.png,not_flush
SNUADC_ART_563_flushes_4.png,not_flush
SNUADC_ART_563_flushes_5.png,not_flush
SNUADC_ART_564_flushes_0.png,flush
SNUADC_ART_564_flushes_1.png,not_flush
SNUADC_ART_564_flushes_10.png,not_flush
SNUADC_ART_564_flushes_11.png,flush
SNUADC_ART_564_flushes_2.png,flush
SNUADC_ART_564_flushes_3.png,not_flush
SNUADC_ART_564_flushes_4.png,not_flush
SNUADC_ART_564_flushes_5.png,flush
SNUADC_ART_564_flushes_6.png,not_flush
SNUADC_ART_564_flushes_7.png,not_flush
SNUADC_ART_564_flushes_8.png,flush
SNUADC_ART_564_flushes_9.png,not_flush
SNUADC_ART_566_flushes_0.png,not_flush
SNUADC_ART_566_flushes_1.png,not_flush
SNUADC_ART_566_flushes_10.png,not_flush
SNUADC_ART_566_flushes_11.png,not_flush
SNUADC_ART_566_flushes_12.png,not_flush
SNUADC_ART_566_flushes_13.png,not_flush
SNUADC_ART_566_flushes_2.png,flush
SNUADC_ART_566_flushes_3.png,not_flush
SNUADC_ART_566_flushes_4.png,not_flush
SNUADC_ART_566_flushes_5.png,flush
SNUADC_ART_566_flushes_6.png,flush
SNUADC_ART_566_flushes_7.png,flush
SNUADC_ART_566_flushes_8.png,not_flush
SNUADC_ART_566_flushes_9.png,not_flush
SNUADC_ART_567_flushes_0.png,not_flush
SNUADC_ART_567_flushes_1.png,not_flush
SNUADC_ART_567_flushes_2.png,flush
SNUADC_ART_568_flushes_0.png,not_flush
SNUADC_ART_568_flushes_1.png,not_flush
SNUADC_ART_568_flushes_2.png,not_flush
SNUADC_ART_568_flushes_3.png,flush
SNUADC_ART_568_flushes_4.png,not_flush
SNUADC_ART_568_flushes_5.png,not_flush
SNUADC_ART_568_flushes_6.png,not_flush
SNUADC_ART_568_flushes_7.png,not_flush
SNUADC_ART_568_flushes_8.png,not_flush
SNUADC_ART_570_flushes_0.png,not_flush
SNUADC_ART_570_flushes_1.png,not_flush
SNUADC_ART_570_flushes_2.png,not_flush
SNUADC_ART_570_flushes_3.png,not_flush
SNUADC_ART_570_flushes_4.png,not_flush
SNUADC_ART_570_flushes_5.png,not_flush
SNUADC_ART_570_flushes_6.png,not_flush
SNUADC_ART_570_flushes_7.png,not_flush
SNUADC_ART_570_flushes_8.png,not_flush
SNUADC_ART_570_flushes_9.png,not_flush
SNUADC_ART_573_flushes_0.png,flush
SNUADC_ART_573_flushes_1.png,not_flush
SNUADC_ART_573_flushes_2.png,flush
SNUADC_ART_573_flushes_3.png,flush
SNUADC_ART_576_flushes_0.png,not_flush
SNUADC_ART_576_flushes_1.png,not_flush
SNUADC_ART_576_flushes_2.png,not_flush
SNUADC_ART_576_flushes_3.png,not_flush
SNUADC_ART_576_flushes_4.png,flush
SNUADC_ART_576_flushes_5.png,not_flush
SNUADC_ART_576_flushes_6.png,flush
SNUADC_ART_577_flushes_0.png,not_flush
SNUADC_ART_577_flushes_1.png,not_flush
SNUADC_ART_577_flushes_2.png,not_flush
SNUADC_ART_577_flushes_3.png,flush
SNUADC_ART_577_flushes_4.png,not_flush
SNUADC_ART_577_flushes_5.png,not_flush
SNUADC_ART_577_flushes_6.png,flush
SNUADC_ART_579_flushes_0.png,not_flush
SNUADC_ART_579_flushes_1.png,flush
SNUADC_ART_579_flushes_2.png,not_flush
SNUADC_ART_579_flushes_3.png,flush
SNUADC_ART_579_flushes_4.png,not_flush
SNUADC_ART_579_flushes_5.png,not_flush
SNUADC_ART_579_flushes_6.png,flush
SNUADC_ART_582_flushes_0.png,not_flush
SNUADC_ART_582_flushes_1.png,flush
SNUADC_ART_582_flushes_2.png,not_flush
SNUADC_ART_582_flushes_3.png,not_flush
SNUADC_ART_582_flushes_4.png,not_flush
SNUADC_ART_582_flushes_5.png,not_flush
SNUADC_ART_582_flushes_6.png,not_flush
SNUADC_ART_584_flushes_0.png,not_flush
SNUADC_ART_584_flushes_1.png,not_flush
SNUADC_ART_584_flushes_10.png,not_flush
SNUADC_ART_584_flushes_11.png,not_flush
SNUADC_ART_584_flushes_12.png,not_flush
SNUADC_ART_584_flushes_13.png,not_flush
SNUADC_ART_584_flushes_14.png,not_flush
SNUADC_ART_584_flushes_2.png,not_flush
SNUADC_ART_584_flushes_3.png,not_flush
SNUADC_ART_584_flushes_4.png,not_flush
SNUADC_ART_584_flushes_5.png,not_flush
SNUADC_ART_584_flushes_6.png,not_flush
SNUADC_ART_584_flushes_7.png,not_flush
SNUADC_ART_584_flushes_8.png,not_flush
SNUADC_ART_584_flushes_9.png,not_flush
SNUADC_ART_585_flushes_0.png,not_flush
SNUADC_ART_585_flushes_1.png,not_flush
SNUADC_ART_585_flushes_10.png,not_flush
SNUADC_ART_585_flushes_11.png,not_flush
SNUADC_ART_585_flushes_12.png,not_flush
SNUADC_ART_585_flushes_13.png,not_flush
SNUADC_ART_585_flushes_14.png,not_flush
SNUADC_ART_585_flushes_2.png,not_flush
SNUADC_ART_585_flushes_3.png,not_flush
SNUADC_ART_585_flushes_4.png,not_flush
SNUADC_ART_585_flushes_5.png,not_flush
SNUADC_ART_585_flushes_6.png,not_flush
SNUADC_ART_585_flushes_7.png,not_flush
SNUADC_ART_585_flushes_8.png,not_flush
SNUADC_ART_585_flushes_9.png,flush
SNUADC_ART_587_flushes_0.png,flush
SNUADC_ART_587_flushes_1.png,not_flush
SNUADC_ART_587_flushes_2.png,not_flush
SNUADC_ART_587_flushes_3.png,not_flush
SNUADC_ART_587_flushes_4.png,not_flush
SNUADC_ART_587_flushes_5.png,flush
SNUADC_ART_589_flushes_0.png,not_flush
SNUADC_ART_589_flushes_1.png,not_flush
SNUADC_ART_589_flushes_2.png,not_flush
SNUADC_ART_58_flushes_0.png,not_flush
SNUADC_ART_58_flushes_1.png,not_flush
SNUADC_ART_58_flushes_2.png,flush
SNUADC_ART_58_flushes_3.png,not_flush
SNUADC_ART_58_flushes_4.png,not_flush
SNUADC_ART_58_flushes_5.png,not_flush
SNUADC_ART_58_flushes_6.png,not_flush
SNUADC_ART_593_flushes_0.png,not_flush
SNUADC_ART_593_flushes_1.png,not_flush
SNUADC_ART_593_flushes_2.png,flush
SNUADC_ART_593_flushes_3.png,flush
SNUADC_ART_594_flushes_0.png,not_flush
SNUADC_ART_594_flushes_1.png,flush
SNUADC_ART_596_flushes_0.png,not_flush
SNUADC_ART_596_flushes_1.png,flush
SNUADC_ART_596_flushes_2.png,flush
SNUADC_ART_596_flushes_3.png,flush
SNUADC_ART_596_flushes_4.png,not_flush
SNUADC_ART_599_flushes_0.png,not_flush
SNUADC_ART_599_flushes_1.png,not_flush
SNUADC_ART_599_flushes_10.png,not_flush
SNUADC_ART_599_flushes_11.png,not_flush
SNUADC_ART_599_flushes_12.png,not_flush
SNUADC_ART_599_flushes_13.png,flush
SNUADC_ART_599_flushes_2.png,not_flush
SNUADC_ART_599_flushes_3.png,flush
SNUADC_ART_599_flushes_4.png,flush
SNUADC_ART_599_flushes_5.png,not_flush
SNUADC_ART_599_flushes_6.png,flush
SNUADC_ART_599_flushes_7.png,flush
SNUADC_ART_599_flushes_8.png,not_flush
SNUADC_ART_599_flushes_9.png,not_flush
SNUADC_ART_59_flushes_0.png,not_flush
SNUADC_ART_59_flushes_1.png,not_flush
SNUADC_ART_59_flushes_2.png,not_flush
SNUADC_ART_59_flushes_3.png,not_flush
SNUADC_ART_60_flushes_0.png,not_flush
SNUADC_ART_60_flushes_1.png,flush
SNUADC_ART_60_flushes_2.png,not_flush
SNUADC_ART_60_flushes_3.png,flush
SNUADC_ART_60_flushes_4.png,not_flush
SNUADC_ART_60_flushes_5.png,flush
SNUADC_ART_611_flushes_0.png,not_flush
SNUADC_ART_611_flushes_1.png,flush
SNUADC_ART_611_flushes_10.png,not_flush
SNUADC_ART_611_flushes_11.png,not_flush
SNUADC_ART_611_flushes_12.png,not_flush
SNUADC_ART_611_flushes_13.png,flush
SNUADC_ART_611_flushes_14.png,not_flush
SNUADC_ART_611_flushes_15.png,not_flush
SNUADC_ART_611_flushes_2.png,not_flush
SNUADC_ART_611_flushes_3.png,not_flush
SNUADC_ART_611_flushes_4.png,not_flush
SNUADC_ART_611_flushes_5.png,not_flush
SNUADC_ART_611_flushes_6.png,flush
SNUADC_ART_611_flushes_7.png,not_flush
SNUADC_ART_611_flushes_8.png,not_flush
SNUADC_ART_611_flushes_9.png,not_flush
SNUADC_ART_612_flushes_0.png,not_flush
SNUADC_ART_616_flushes_0.png,not_flush
SNUADC_ART_616_flushes_1.png,not_flush
SNUADC_ART_616_flushes_10.png,not_flush
SNUADC_ART_616_flushes_2.png,not_flush
SNUADC_ART_616_flushes_3.png,not_flush
SNUADC_ART_616_flushes_4.png,not_flush
SNUADC_ART_616_flushes_5.png,not_flush
SNUADC_ART_616_flushes_6.png,not_flush
SNUADC_ART_616_flushes_7.png,not_flush
SNUADC_ART_616_flushes_8.png,not_flush
SNUADC_ART_616_flushes_9.png,not_flush
SNUADC_ART_617_flushes_0.png,not_flush
SNUADC_ART_617_flushes_1.png,not_flush
SNUADC_ART_617_flushes_10.png,not_flush
SNUADC_ART_617_flushes_11.png,flush
SNUADC_ART_617_flushes_12.png,not_flush
SNUADC_ART_617_flushes_13.png,not_flush
SNUADC_ART_617_flushes_14.png,flush
SNUADC_ART_617_flushes_15.png,not_flush
SNUADC_ART_617_flushes_16.png,not_flush
SNUADC_ART_617_flushes_17.png,not_flush
SNUADC_ART_617_flushes_2.png,flush
SNUADC_ART_617_flushes_3.png,not_flush
SNUADC_ART_617_flushes_4.png,not_flush
SNUADC_ART_617_flushes_5.png,not_flush
SNUADC_ART_617_flushes_6.png,not_flush
SNUADC_ART_617_flushes_7.png,not_flush
SNUADC_ART_617_flushes_8.png,not_flush
SNUADC_ART_617_flushes_9.png,not_flush
SNUADC_ART_61_flushes_0.png,not_flush
SNUADC_ART_61_flushes_1.png,not_flush
SNUADC_ART_61_flushes_10.png,not_flush
SNUADC_ART_61_flushes_2.png,not_flush
SNUADC_ART_61_flushes_3.png,not_flush
SNUADC_ART_61_flushes_4.png,not_flush
SNUADC_ART_61_flushes_5.png,not_flush
SNUADC_ART_61_flushes_6.png,not_flush
SNUADC_ART_61_flushes_7.png,not_flush
SNUADC_ART_61_flushes_8.png,not_flush
SNUADC_ART_61_flushes_9.png,not_flush
SNUADC_ART_620_flushes_0.png,not_flush
SNUADC_ART_620_flushes_1.png,not_flush
SNUADC_ART_620_flushes_2.png,flush
SNUADC_ART_620_flushes_3.png,not_flush
SNUADC_ART_620_flushes_4.png,not_flush
SNUADC_ART_621_flushes_0.png,not_flush
SNUADC_ART_621_flushes_1.png,not_flush
SNUADC_ART_621_flushes_2.png,not_flush
SNUADC_ART_621_flushes_3.png,not_flush
SNUADC_ART_622_flushes_0.png,not_flush
SNUADC_ART_622_flushes_1.png,flush
SNUADC_ART_622_flushes_10.png,flush
SNUADC_ART_622_flushes_11.png,not_flush
SNUADC_ART_622_flushes_2.png,not_flush
SNUADC_ART_622_flushes_3.png,not_flush
SNUADC_ART_622_flushes_4.png,not_flush
SNUADC_ART_622_flushes_5.png,not_flush
SNUADC_ART_622_flushes_6.png,flush
SNUADC_ART_622_flushes_7.png,not_flush
SNUADC_ART_622_flushes_8.png,flush
SNUADC_ART_622_flushes_9.png,not_flush
SNUADC_ART_624_flushes_0.png,not_flush
SNUADC_ART_624_flushes_1.png,not_flush
SNUADC_ART_624_flushes_10.png,flush
SNUADC_ART_624_flushes_11.png,flush
SNUADC_ART_624_flushes_12.png,not_flush
SNUADC_ART_624_flushes_13.png,not_flush
SNUADC_ART_624_flushes_2.png,not_flush
SNUADC_ART_624_flushes_3.png,flush
SNUADC_ART_624_flushes_4.png,flush
SNUADC_ART_624_flushes_5.png,not_flush
SNUADC_ART_624_flushes_6.png,flush
SNUADC_ART_624_flushes_7.png,flush
SNUADC_ART_624_flushes_8.png,flush
SNUADC_ART_624_flushes_9.png,flush
SNUADC_ART_626_flushes_0.png,not_flush
SNUADC_ART_626_flushes_1.png,not_flush
SNUADC_ART_626_flushes_10.png,flush
SNUADC_ART_626_flushes_11.png,flush
SNUADC_ART_626_flushes_12.png,not_flush
SNUADC_ART_626_flushes_13.png,not_flush
SNUADC_ART_626_flushes_14.png,not_flush
SNUADC_ART_626_flushes_15.png,not_flush
SNUADC_ART_626_flushes_16.png,not_flush
SNUADC_ART_626_flushes_17.png,not_flush
SNUADC_ART_626_flushes_18.png,flush
SNUADC_ART_626_flushes_19.png,flush
SNUADC_ART_626_flushes_2.png,not_flush
SNUADC_ART_626_flushes_20.png,not_flush
SNUADC_ART_626_flushes_21.png,not_flush
SNUADC_ART_626_flushes_22.png,flush
SNUADC_ART_626_flushes_23.png,not_flush
SNUADC_ART_626_flushes_24.png,not_flush
SNUADC_ART_626_flushes_25.png,flush
SNUADC_ART_626_flushes_26.png,not_flush
SNUADC_ART_626_flushes_27.png,not_flush
SNUADC_ART_626_flushes_28.png,flush
SNUADC_ART_626_flushes_29.png,flush
SNUADC_ART_626_flushes_3.png,not_flush
SNUADC_ART_626_flushes_30.png,not_flush
SNUADC_ART_626_flushes_31.png,not_flush
SNUADC_ART_626_flushes_32.png,flush
SNUADC_ART_626_flushes_33.png,flush
SNUADC_ART_626_flushes_34.png,not_flush
SNUADC_ART_626_flushes_35.png,not_flush
SNUADC_ART_626_flushes_36.png,flush
SNUADC_ART_626_flushes_4.png,not_flush
SNUADC_ART_626_flushes_5.png,not_flush
SNUADC_ART_626_flushes_6.png,not_flush
SNUADC_ART_626_flushes_7.png,not_flush
SNUADC_ART_626_flushes_8.png,not_flush
SNUADC_ART_626_flushes_9.png,not_flush
SNUADC_ART_627_flushes_0.png,not_flush
SNUADC_ART_627_flushes_1.png,not_flush
SNUADC_ART_627_flushes_2.png,not_flush
SNUADC_ART_627_flushes_3.png,not_flush
SNUADC_ART_627_flushes_4.png,flush
SNUADC_ART_628_flushes_0.png,not_flush
SNUADC_ART_628_flushes_1.png,flush
SNUADC_ART_628_flushes_10.png,flush
SNUADC_ART_628_flushes_11.png,flush
SNUADC_ART_628_flushes_12.png,flush
SNUADC_ART_628_flushes_13.png,flush
SNUADC_ART_628_flushes_14.png,not_flush
SNUADC_ART_628_flushes_15.png,flush
SNUADC_ART_628_flushes_16.png,flush
SNUADC_ART_628_flushes_17.png,not_flush
SNUADC_ART_628_flushes_2.png,not_flush
SNUADC_ART_628_flushes_3.png,not_flush
SNUADC_ART_628_flushes_4.png,flush
SNUADC_ART_628_flushes_5.png,not_flush
SNUADC_ART_628_flushes_6.png,flush
SNUADC_ART_628_flushes_7.png,flush
SNUADC_ART_628_flushes_8.png,flush
SNUADC_ART_628_flushes_9.png,not_flush
SNUADC_ART_629_flushes_0.png,not_flush
SNUADC_ART_629_flushes_1.png,flush
SNUADC_ART_629_flushes_10.png,not_flush
SNUADC_ART_629_flushes_11.png,not_flush
SNUADC_ART_629_flushes_12.png,flush
SNUADC_ART_629_flushes_13.png,not_flush
SNUADC_ART_629_flushes_14.png,not_flush
SNUADC_ART_629_flushes_15.png,flush
SNUADC_ART_629_flushes_16.png,flush
SNUADC_ART_629_flushes_17.png,not_flush
SNUADC_ART_629_flushes_18.png,not_flush
SNUADC_ART_629_flushes_19.png,flush
SNUADC_ART_629_flushes_2.png,not_flush
SNUADC_ART_629_flushes_20.png,flush
SNUADC_ART_629_flushes_21.png,not_flush
SNUADC_ART_629_flushes_22.png,not_flush
SNUADC_ART_629_flushes_23.png,flush
SNUADC_ART_629_flushes_3.png,flush
SNUADC_ART_629_flushes_4.png,not_flush
SNUADC_ART_629_flushes_5.png,not_flush
SNUADC_ART_629_flushes_6.png,not_flush
SNUADC_ART_629_flushes_7.png,flush
SNUADC_ART_629_flushes_8.png,flush
SNUADC_ART_629_flushes_9.png,not_flush
SNUADC_ART_631_flushes_0.png,flush
SNUADC_ART_631_flushes_1.png,not_flush
SNUADC_ART_631_flushes_2.png,flush
SNUADC_ART_631_flushes_3.png,not_flush
SNUADC_ART_631_flushes_4.png,flush
SNUADC_ART_631_flushes_5.png,not_flush
SNUADC_ART_631_flushes_6.png,flush
SNUADC_ART_631_flushes_7.png,not_flush
SNUADC_ART_631_flushes_8.png,not_flush
SNUADC_ART_631_flushes_9.png,flush
SNUADC_ART_634_flushes_0.png,not_flush
SNUADC_ART_634_flushes_1.png,not_flush
SNUADC_ART_634_flushes_2.png,not_flush
SNUADC_ART_636_flushes_0.png,not_flush
SNUADC_ART_636_flushes_1.png,not_flush
SNUADC_ART_636_flushes_2.png,not_flush
SNUADC_ART_636_flushes_3.png,flush
SNUADC_ART_636_flushes_4.png,not_flush
SNUADC_ART_637_flushes_0.png,not_flush
SNUADC_ART_637_flushes_1.png,flush
SNUADC_ART_637_flushes_10.png,flush
SNUADC_ART_637_flushes_11.png,not_flush
SNUADC_ART_637_flushes_12.png,flush
SNUADC_ART_637_flushes_2.png,not_flush
SNUADC_ART_637_flushes_3.png,not_flush
SNUADC_ART_637_flushes_4.png,flush
SNUADC_ART_637_flushes_5.png,not_flush
SNUADC_ART_637_flushes_6.png,flush
SNUADC_ART_637_flushes_7.png,not_flush
SNUADC_ART_637_flushes_8.png,flush
SNUADC_ART_637_flushes_9.png,not_flush
SNUADC_ART_638_flushes_0.png,not_flush
SNUADC_ART_641_flushes_0.png,not_flush
SNUADC_ART_641_flushes_1.png,not_flush
SNUADC_ART_641_flushes_2.png,not_flush
SNUADC_ART_641_flushes_3.png,not_flush
SNUADC_ART_641_flushes_4.png,not_flush
SNUADC_ART_641_flushes_5.png,not_flush
SNUADC_ART_641_flushes_6.png,not_flush
SNUADC_ART_644_flushes_0.png,not_flush
SNUADC_ART_644_flushes_1.png,flush
SNUADC_ART_644_flushes_10.png,flush
SNUADC_ART_644_flushes_2.png,not_flush
SNUADC_ART_644_flushes_3.png,flush
SNUADC_ART_644_flushes_4.png,not_flush
SNUADC_ART_644_flushes_5.png,not_flush
SNUADC_ART_644_flushes_6.png,flush
SNUADC_ART_644_flushes_7.png,not_flush
SNUADC_ART_644_flushes_8.png,flush
SNUADC_ART_644_flushes_9.png,not_flush
SNUADC_ART_645_flushes_0.png,not_flush
SNUADC_ART_645_flushes_1.png,not_flush
SNUADC_ART_645_flushes_10.png,not_flush
SNUADC_ART_645_flushes_11.png,not_flush
SNUADC_ART_645_flushes_12.png,not_flush
SNUADC_ART_645_flushes_13.png,not_flush
SNUADC_ART_645_flushes_14.png,not_flush
SNUADC_ART_645_flushes_15.png,not_flush
SNUADC_ART_645_flushes_16.png,not_flush
SNUADC_ART_645_flushes_17.png,flush
SNUADC_ART_645_flushes_2.png,not_flush
SNUADC_ART_645_flushes_3.png,not_flush
SNUADC_ART_645_flushes_4.png,not_flush
SNUADC_ART_645_flushes_5.png,not_flush
SNUADC_ART_645_flushes_6.png,not_flush
SNUADC_ART_645_flushes_7.png,not_flush
SNUADC_ART_645_flushes_8.png,not_flush
SNUADC_ART_645_flushes_9.png,not_flush
SNUADC_ART_648_flushes_0.png,not_flush
SNUADC_ART_648_flushes_1.png,not_flush
SNUADC_ART_648_flushes_2.png,not_flush
SNUADC_ART_648_flushes_3.png,not_flush
SNUADC_ART_649_flushes_0.png,not_flush
SNUADC_ART_649_flushes_1.png,not_flush
SNUADC_ART_649_flushes_2.png,not_flush
SNUADC_ART_649_flushes_3.png,flush
SNUADC_ART_649_flushes_4.png,not_flush
SNUADC_ART_64_flushes_0.png,not_flush
SNUADC_ART_64_flushes_1.png,not_flush
SNUADC_ART_64_flushes_2.png,not_flush
SNUADC_ART_64_flushes_3.png,not_flush
SNUADC_ART_64_flushes_4.png,flush
SNUADC_ART_64_flushes_5.png,flush
SNUADC_ART_64_flushes_6.png,not_flush
SNUADC_ART_64_flushes_7.png,flush
SNUADC_ART_650_flushes_0.png,not_flush
SNUADC_ART_650_flushes_1.png,not_flush
SNUADC_ART_650_flushes_2.png,not_flush
SNUADC_ART_650_flushes_3.png,flush
SNUADC_ART_650_flushes_4.png,flush
SNUADC_ART_650_flushes_5.png,flush
SNUADC_ART_650_flushes_6.png,flush
SNUADC_ART_652_flushes_0.png,not_flush
SNUADC_ART_652_flushes_1.png,not_flush
SNUADC_ART_652_flushes_10.png,not_flush
SNUADC_ART_652_flushes_11.png,flush
SNUADC_ART_652_flushes_12.png,not_flush
SNUADC_ART_652_flushes_13.png,not_flush
SNUADC_ART_652_flushes_14.png,flush
SNUADC_ART_652_flushes_2.png,not_flush
SNUADC_ART_652_flushes_3.png,not_flush
SNUADC_ART_652_flushes_4.png,not_flush
SNUADC_ART_652_flushes_5.png,not_flush
SNUADC_ART_652_flushes_6.png,not_flush
SNUADC_ART_652_flushes_7.png,not_flush
SNUADC_ART_652_flushes_8.png,not_flush
SNUADC_ART_652_flushes_9.png,not_flush
SNUADC_ART_654_flushes_0.png,flush
SNUADC_ART_655_flushes_0.png,not_flush
SNUADC_ART_655_flushes_1.png,not_flush
SNUADC_ART_655_flushes_10.png,flush
SNUADC_ART_655_flushes_11.png,not_flush
SNUADC_ART_655_flushes_12.png,not_flush
SNUADC_ART_655_flushes_13.png,not_flush
SNUADC_ART_655_flushes_14.png,flush
SNUADC_ART_655_flushes_15.png,flush
SNUADC_ART_655_flushes_16.png,flush
SNUADC_ART_655_flushes_17.png,not_flush
SNUADC_ART_655_flushes_2.png,flush
SNUADC_ART_655_flushes_3.png,not_flush
SNUADC_ART_655_flushes_4.png,not_flush
SNUADC_ART_655_flushes_5.png,not_flush
SNUADC_ART_655_flushes_6.png,not_flush
SNUADC_ART_655_flushes_7.png,flush
SNUADC_ART_655_flushes_8.png,flush
SNUADC_ART_655_flushes_9.png,flush
SNUADC_ART_657_flushes_0.png,not_flush
SNUADC_ART_657_flushes_1.png,not_flush
SNUADC_ART_657_flushes_10.png,not_flush
SNUADC_ART_657_flushes_11.png,flush
SNUADC_ART_657_flushes_12.png,not_flush
SNUADC_ART_657_flushes_13.png,flush
SNUADC_ART_657_flushes_14.png,not_flush
SNUADC_ART_657_flushes_15.png,flush
SNUADC_ART_657_flushes_16.png,not_flush
SNUADC_ART_657_flushes_17.png,not_flush
SNUADC_ART_657_flushes_18.png,not_flush
SNUADC_ART_657_flushes_19.png,flush
SNUADC_ART_657_flushes_2.png,flush
SNUADC_ART_657_flushes_3.png,not_flush
SNUADC_ART_657_flushes_4.png,not_flush
SNUADC_ART_657_flushes_5.png,not_flush
SNUADC_ART_657_flushes_6.png,not_flush
SNUADC_ART_657_flushes_7.png,flush
SNUADC_ART_657_flushes_8.png,not_flush
SNUADC_ART_657_flushes_9.png,flush
SNUADC_ART_659_flushes_0.png,not_flush
SNUADC_ART_659_flushes_1.png,not_flush
SNUADC_ART_659_flushes_10.png,not_flush
SNUADC_ART_659_flushes_11.png,not_flush
SNUADC_ART_659_flushes_12.png,not_flush
SNUADC_ART_659_flushes_13.png,not_flush
SNUADC_ART_659_flushes_14.png,not_flush
SNUADC_ART_659_flushes_15.png,not_flush
SNUADC_ART_659_flushes_16.png,not_flush
SNUADC_ART_659_flushes_17.png,not_flush
SNUADC_ART_659_flushes_18.png,not_flush
SNUADC_ART_659_flushes_19.png,not_flush
SNUADC_ART_659_flushes_2.png,not_flush
SNUADC_ART_659_flushes_3.png,not_flush
SNUADC_ART_659_flushes_4.png,not_flush
SNUADC_ART_659_flushes_5.png,not_flush
SNUADC_ART_659_flushes_6.png,not_flush
SNUADC_ART_659_flushes_7.png,not_flush
SNUADC_ART_659_flushes_8.png,not_flush
SNUADC_ART_659_flushes_9.png,not_flush
SNUADC_ART_65_flushes_0.png,not_flush
SNUADC_ART_65_flushes_1.png,not_flush
SNUADC_ART_65_flushes_10.png,not_flush
SNUADC_ART_65_flushes_11.png,not_flush
SNUADC_ART_65_flushes_12.png,flush
SNUADC_ART_65_flushes_13.png,not_flush
SNUADC_ART_65_flushes_14.png,not_flush
SNUADC_ART_65_flushes_2.png,not_flush
SNUADC_ART_65_flushes_3.png,not_flush
SNUADC_ART_65_flushes_4.png,not_flush
SNUADC_ART_65_flushes_5.png,not_flush
SNUADC_ART_65_flushes_6.png,not_flush
SNUADC_ART_65_flushes_7.png,flush
SNUADC_ART_65_flushes_8.png,flush
SNUADC_ART_65_flushes_9.png,not_flush
SNUADC_ART_660_flushes_0.png,flush
SNUADC_ART_660_flushes_1.png,not_flush
SNUADC_ART_660_flushes_2.png,not_flush
SNUADC_ART_660_flushes_3.png,not_flush
SNUADC_ART_660_flushes_4.png,not_flush
SNUADC_ART_660_flushes_5.png,not_flush
SNUADC_ART_661_flushes_0.png,not_flush
SNUADC_ART_661_flushes_1.png,not_flush
SNUADC_ART_661_flushes_10.png,not_flush
SNUADC_ART_661_flushes_11.png,not_flush
SNUADC_ART_661_flushes_12.png,flush
SNUADC_ART_661_flushes_13.png,not_flush
SNUADC_ART_661_flushes_14.png,not_flush
SNUADC_ART_661_flushes_15.png,not_flush
SNUADC_ART_661_flushes_16.png,not_flush
SNUADC_ART_661_flushes_17.png,not_flush
SNUADC_ART_661_flushes_18.png,not_flush
SNUADC_ART_661_flushes_2.png,not_flush
SNUADC_ART_661_flushes_3.png,not_flush
SNUADC_ART_661_flushes_4.png,not_flush
SNUADC_ART_661_flushes_5.png,not_flush
SNUADC_ART_661_flushes_6.png,not_flush
SNUADC_ART_661_flushes_7.png,not_flush
SNUADC_ART_661_flushes_8.png,not_flush
SNUADC_ART_661_flushes_9.png,flush
SNUADC_ART_663_flushes_0.png,not_flush
SNUADC_ART_663_flushes_1.png,not_flush
SNUADC_ART_663_flushes_10.png,flush
SNUADC_ART_663_flushes_11.png,not_flush
SNUADC_ART_663_flushes_12.png,not_flush
SNUADC_ART_663_flushes_13.png,not_flush
SNUADC_ART_663_flushes_14.png,not_flush
SNUADC_ART_663_flushes_15.png,flush
SNUADC_ART_663_flushes_2.png,not_flush
SNUADC_ART_663_flushes_3.png,not_flush
SNUADC_ART_663_flushes_4.png,not_flush
SNUADC_ART_663_flushes_5.png,not_flush
SNUADC_ART_663_flushes_6.png,not_flush
SNUADC_ART_663_flushes_7.png,not_flush
SNUADC_ART_663_flushes_8.png,not_flush
SNUADC_ART_663_flushes_9.png,not_flush
SNUADC_ART_665_flushes_0.png,not_flush
SNUADC_ART_665_flushes_1.png,not_flush
SNUADC_ART_665_flushes_10.png,flush
SNUADC_ART_665_flushes_11.png,flush
SNUADC_ART_665_flushes_12.png,not_flush
SNUADC_ART_665_flushes_13.png,not_flush
SNUADC_ART_665_flushes_14.png,not_flush
SNUADC_ART_665_flushes_15.png,not_flush
SNUADC_ART_665_flushes_16.png,not_flush
SNUADC_ART_665_flushes_2.png,not_flush
SNUADC_ART_665_flushes_3.png,not_flush
SNUADC_ART_665_flushes_4.png,flush
SNUADC_ART_665_flushes_5.png,not_flush
SNUADC_ART_665_flushes_6.png,not_flush
SNUADC_ART_665_flushes_7.png,flush
SNUADC_ART_665_flushes_8.png,not_flush
SNUADC_ART_665_flushes_9.png,not_flush
SNUADC_ART_666_flushes_0.png,not_flush
SNUADC_ART_666_flushes_1.png,not_flush
SNUADC_ART_666_flushes_10.png,flush
SNUADC_ART_666_flushes_11.png,flush
SNUADC_ART_666_flushes_2.png,not_flush
SNUADC_ART_666_flushes_3.png,flush
SNUADC_ART_666_flushes_4.png,not_flush
SNUADC_ART_666_flushes_5.png,not_flush
SNUADC_ART_666_flushes_6.png,not_flush
SNUADC_ART_666_flushes_7.png,flush
SNUADC_ART_666_flushes_8.png,not_flush
SNUADC_ART_666_flushes_9.png,not_flush
SNUADC_ART_667_flushes_0.png,not_flush
SNUADC_ART_667_flushes_1.png,not_flush
SNUADC_ART_667_flushes_10.png,flush
SNUADC_ART_667_flushes_11.png,not_flush
SNUADC_ART_667_flushes_12.png,not_flush
SNUADC_ART_667_flushes_13.png,flush
SNUADC_ART_667_flushes_14.png,not_flush
SNUADC_ART_667_flushes_15.png,not_flush
SNUADC_ART_667_flushes_16.png,flush
SNUADC_ART_667_flushes_17.png,not_flush
SNUADC_ART_667_flushes_18.png,not_flush
SNUADC_ART_667_flushes_2.png,not_flush
SNUADC_ART_667_flushes_3.png,flush
SNUADC_ART_667_flushes_4.png,not_flush
SNUADC_ART_667_flushes_5.png,flush
SNUADC_ART_667_flushes_6.png,not_flush
SNUADC_ART_667_flushes_7.png,flush
SNUADC_ART_667_flushes_8.png,not_flush
SNUADC_ART_667_flushes_9.png,not_flush
SNUADC_ART_66_flushes_0.png,not_flush
SNUADC_ART_66_flushes_1.png,flush
SNUADC_ART_66_flushes_2.png,flush
SNUADC_ART_66_flushes_3.png,not_flush
SNUADC_ART_66_flushes_4.png,flush
SNUADC_ART_671_flushes_0.png,not_flush
SNUADC_ART_671_flushes_1.png,not_flush
SNUADC_ART_672_flushes_0.png,not_flush
SNUADC_ART_672_flushes_1.png,flush
SNUADC_ART_672_flushes_2.png,not_flush
SNUADC_ART_672_flushes_3.png,flush
SNUADC_ART_672_flushes_4.png,flush
SNUADC_ART_673_flushes_0.png,flush
SNUADC_ART_673_flushes_1.png,not_flush
SNUADC_ART_673_flushes_2.png,not_flush
SNUADC_ART_673_flushes_3.png,flush
SNUADC_ART_673_flushes_4.png,flush
SNUADC_ART_673_flushes_5.png,not_flush
SNUADC_ART_673_flushes_6.png,not_flush
SNUADC_ART_676_flushes_0.png,not_flush
SNUADC_ART_676_flushes_1.png,not_flush
SNUADC_ART_676_flushes_10.png,not_flush
SNUADC_ART_676_flushes_11.png,not_flush
SNUADC_ART_676_flushes_12.png,not_flush
SNUADC_ART_676_flushes_2.png,not_flush
SNUADC_ART_676_flushes_3.png,not_flush
SNUADC_ART_676_flushes_4.png,not_flush
SNUADC_ART_676_flushes_5.png,flush
SNUADC_ART_676_flushes_6.png,flush
SNUADC_ART_676_flushes_7.png,flush
SNUADC_ART_676_flushes_8.png,flush
SNUADC_ART_676_flushes_9.png,not_flush
SNUADC_ART_678_flushes_0.png,not_flush
SNUADC_ART_678_flushes_1.png,not_flush
SNUADC_ART_678_flushes_10.png,not_flush
SNUADC_ART_678_flushes_11.png,not_flush
SNUADC_ART_678_flushes_12.png,not_flush
SNUADC_ART_678_flushes_2.png,not_flush
SNUADC_ART_678_flushes_3.png,not_flush
SNUADC_ART_678_flushes_4.png,not_flush
SNUADC_ART_678_flushes_5.png,not_flush
SNUADC_ART_678_flushes_6.png,flush
SNUADC_ART_678_flushes_7.png,not_flush
SNUADC_ART_678_flushes_8.png,not_flush
SNUADC_ART_678_flushes_9.png,not_flush
SNUADC_ART_679_flushes_0.png,not_flush
SNUADC_ART_679_flushes_1.png,not_flush
SNUADC_ART_679_flushes_10.png,not_flush
SNUADC_ART_679_flushes_11.png,not_flush
SNUADC_ART_679_flushes_12.png,flush
SNUADC_ART_679_flushes_13.png,not_flush
SNUADC_ART_679_flushes_14.png,not_flush
SNUADC_ART_679_flushes_15.png,flush
SNUADC_ART_679_flushes_16.png,not_flush
SNUADC_ART_679_flushes_17.png,flush
SNUADC_ART_679_flushes_2.png,flush
SNUADC_ART_679_flushes_3.png,not_flush
SNUADC_ART_679_flushes_4.png,not_flush
SNUADC_ART_679_flushes_5.png,flush
SNUADC_ART_679_flushes_6.png,not_flush
SNUADC_ART_679_flushes_7.png,not_flush
SNUADC_ART_679_flushes_8.png,not_flush
SNUADC_ART_679_flushes_9.png,flush
SNUADC_ART_67_flushes_0.png,not_flush
SNUADC_ART_67_flushes_1.png,not_flush
SNUADC_ART_67_flushes_2.png,not_flush
SNUADC_ART_67_flushes_3.png,not_flush
SNUADC_ART_67_flushes_4.png,flush
SNUADC_ART_67_flushes_5.png,not_flush
SNUADC_ART_67_flushes_6.png,flush
SNUADC_ART_67_flushes_7.png,not_flush
SNUADC_ART_680_flushes_0.png,not_flush
SNUADC_ART_680_flushes_1.png,not_flush
SNUADC_ART_680_flushes_2.png,flush
SNUADC_ART_680_flushes_3.png,not_flush
SNUADC_ART_680_flushes_4.png,not_flush
SNUADC_ART_680_flushes_5.png,not_flush
SNUADC_ART_680_flushes_6.png,not_flush
SNUADC_ART_683_flushes_0.png,not_flush
SNUADC_ART_683_flushes_1.png,not_flush
SNUADC_ART_683_flushes_10.png,not_flush
SNUADC_ART_683_flushes_11.png,not_flush
SNUADC_ART_683_flushes_2.png,not_flush
SNUADC_ART_683_flushes_3.png,not_flush
SNUADC_ART_683_flushes_4.png,not_flush
SNUADC_ART_683_flushes_5.png,not_flush
SNUADC_ART_683_flushes_6.png,not_flush
SNUADC_ART_683_flushes_7.png,not_flush
SNUADC_ART_683_flushes_8.png,not_flush
SNUADC_ART_683_flushes_9.png,not_flush
SNUADC_ART_684_flushes_0.png,flush
SNUADC_ART_685_flushes_0.png,not_flush
SNUADC_ART_685_flushes_1.png,not_flush
SNUADC_ART_685_flushes_2.png,flush
SNUADC_ART_687_flushes_0.png,not_flush
SNUADC_ART_687_flushes_1.png,flush
SNUADC_ART_687_flushes_10.png,not_flush
SNUADC_ART_687_flushes_11.png,flush
SNUADC_ART_687_flushes_12.png,flush
SNUADC_ART_687_flushes_2.png,not_flush
SNUADC_ART_687_flushes_3.png,flush
SNUADC_ART_687_flushes_4.png,not_flush
SNUADC_ART_687_flushes_5.png,not_flush
SNUADC_ART_687_flushes_6.png,not_flush
SNUADC_ART_687_flushes_7.png,flush
SNUADC_ART_687_flushes_8.png,flush
SNUADC_ART_687_flushes_9.png,not_flush
SNUADC_ART_689_flushes_0.png,not_flush
SNUADC_ART_689_flushes_1.png,not_flush
SNUADC_ART_689_flushes_2.png,not_flush
SNUADC_ART_68_flushes_0.png,not_flush
SNUADC_ART_68_flushes_1.png,flush
SNUADC_ART_68_flushes_2.png,flush
SNUADC_ART_691_flushes_0.png,not_flush
SNUADC_ART_691_flushes_1.png,flush
SNUADC_ART_691_flushes_2.png,flush
SNUADC_ART_691_flushes_3.png,not_flush
SNUADC_ART_691_flushes_4.png,not_flush
SNUADC_ART_691_flushes_5.png,flush
SNUADC_ART_691_flushes_6.png,not_flush
SNUADC_ART_691_flushes_7.png,flush
SNUADC_ART_691_flushes_8.png,not_flush
SNUADC_ART_691_flushes_9.png,flush
SNUADC_ART_697_flushes_0.png,not_flush
SNUADC_ART_697_flushes_1.png,not_flush
SNUADC_ART_697_flushes_10.png,flush
SNUADC_ART_697_flushes_11.png,not_flush
SNUADC_ART_697_flushes_12.png,not_flush
SNUADC_ART_697_flushes_13.png,not_flush
SNUADC_ART_697_flushes_14.png,flush
SNUADC_ART_697_flushes_2.png,not_flush
SNUADC_ART_697_flushes_3.png,not_flush
SNUADC_ART_697_flushes_4.png,not_flush
SNUADC_ART_697_flushes_5.png,not_flush
SNUADC_ART_697_flushes_6.png,flush
SNUADC_ART_697_flushes_7.png,flush
SNUADC_ART_697_flushes_8.png,not_flush
SNUADC_ART_697_flushes_9.png,flush
SNUADC_ART_698_flushes_0.png,not_flush
SNUADC_ART_698_flushes_1.png,flush
SNUADC_ART_698_flushes_2.png,not_flush
SNUADC_ART_698_flushes_3.png,flush
SNUADC_ART_698_flushes_4.png,not_flush
SNUADC_ART_698_flushes_5.png,not_flush
SNUADC_ART_698_flushes_6.png,flush
SNUADC_ART_698_flushes_7.png,not_flush
SNUADC_ART_699_flushes_0.png,not_flush
SNUADC_ART_699_flushes_1.png,not_flush
SNUADC_ART_699_flushes_10.png,not_flush
SNUADC_ART_699_flushes_11.png,flush
SNUADC_ART_699_flushes_12.png,flush
SNUADC_ART_699_flushes_13.png,flush
SNUADC_ART_699_flushes_14.png,flush
SNUADC_ART_699_flushes_15.png,not_flush
SNUADC_ART_699_flushes_16.png,not_flush
SNUADC_ART_699_flushes_17.png,not_flush
SNUADC_ART_699_flushes_18.png,not_flush
SNUADC_ART_699_flushes_19.png,not_flush
SNUADC_ART_699_flushes_2.png,not_flush
SNUADC_ART_699_flushes_20.png,not_flush
SNUADC_ART_699_flushes_21.png,not_flush
SNUADC_ART_699_flushes_22.png,not_flush
SNUADC_ART_699_flushes_23.png,not_flush
SNUADC_ART_699_flushes_24.png,not_flush
SNUADC_ART_699_flushes_25.png,not_flush
SNUADC_ART_699_flushes_26.png,not_flush
SNUADC_ART_699_flushes_27.png,not_flush
SNUADC_ART_699_flushes_28.png,not_flush
SNUADC_ART_699_flushes_29.png,not_flush
SNUADC_ART_699_flushes_3.png,not_flush
SNUADC_ART_699_flushes_30.png,not_flush
SNUADC_ART_699_flushes_31.png,not_flush
SNUADC_ART_699_flushes_4.png,not_flush
SNUADC_ART_699_flushes_5.png,not_flush
SNUADC_ART_699_flushes_6.png,not_flush
SNUADC_ART_699_flushes_7.png,not_flush
SNUADC_ART_699_flushes_8.png,not_flush
SNUADC_ART_699_flushes_9.png,not_flush
SNUADC_ART_69_flushes_0.png,not_flush
SNUADC_ART_69_flushes_1.png,not_flush
SNUADC_ART_69_flushes_10.png,not_flush
SNUADC_ART_69_flushes_11.png,not_flush
SNUADC_ART_69_flushes_2.png,not_flush
SNUADC_ART_69_flushes_3.png,not_flush
SNUADC_ART_69_flushes_4.png,not_flush
SNUADC_ART_69_flushes_5.png,not_flush
SNUADC_ART_69_flushes_6.png,not_flush
SNUADC_ART_69_flushes_7.png,not_flush
SNUADC_ART_69_flushes_8.png,not_flush
SNUADC_ART_69_flushes_9.png,not_flush
SNUADC_ART_702_flushes_0.png,flush
SNUADC_ART_702_flushes_1.png,not_flush
SNUADC_ART_702_flushes_2.png,flush
SNUADC_ART_702_flushes_3.png,not_flush
SNUADC_ART_703_flushes_0.png,not_flush
SNUADC_ART_703_flushes_1.png,not_flush
SNUADC_ART_703_flushes_2.png,not_flush
SNUADC_ART_703_flushes_3.png,flush
SNUADC_ART_703_flushes_4.png,flush
SNUADC_ART_703_flushes_5.png,not_flush
SNUADC_ART_703_flushes_6.png,not_flush
SNUADC_ART_703_flushes_7.png,not_flush
SNUADC_ART_703_flushes_8.png,not_flush
SNUADC_ART_706_flushes_0.png,not_flush
SNUADC_ART_706_flushes_1.png,not_flush
SNUADC_ART_706_flushes_2.png,not_flush
SNUADC_ART_706_flushes_3.png,not_flush
SNUADC_ART_70_flushes_0.png,not_flush
SNUADC_ART_70_flushes_1.png,not_flush
SNUADC_ART_70_flushes_2.png,not_flush
SNUADC_ART_70_flushes_3.png,not_flush
SNUADC_ART_70_flushes_4.png,not_flush
SNUADC_ART_70_flushes_5.png,not_flush
SNUADC_ART_70_flushes_6.png,not_flush
SNUADC_ART_70_flushes_7.png,not_flush
SNUADC_ART_70_flushes_8.png,not_flush
SNUADC_ART_711_flushes_0.png,not_flush
SNUADC_ART_711_flushes_1.png,not_flush
SNUADC_ART_711_flushes_2.png,not_flush
SNUADC_ART_711_flushes_3.png,not_flush
SNUADC_ART_711_flushes_4.png,flush
SNUADC_ART_711_flushes_5.png,not_flush
SNUADC_ART_716_flushes_0.png,not_flush
SNUADC_ART_716_flushes_1.png,not_flush
SNUADC_ART_716_flushes_2.png,flush
SNUADC_ART_716_flushes_3.png,not_flush
SNUADC_ART_716_flushes_4.png,flush
SNUADC_ART_716_flushes_5.png,not_flush
SNUADC_ART_716_flushes_6.png,not_flush
SNUADC_ART_719_flushes_0.png,not_flush
SNUADC_ART_719_flushes_1.png,flush
SNUADC_ART_719_flushes_10.png,not_flush
SNUADC_ART_719_flushes_11.png,not_flush
SNUADC_ART_719_flushes_12.png,not_flush
SNUADC_ART_719_flushes_13.png,not_flush
SNUADC_ART_719_flushes_14.png,flush
SNUADC_ART_719_flushes_15.png,flush
SNUADC_ART_719_flushes_16.png,flush
SNUADC_ART_719_flushes_17.png,not_flush
SNUADC_ART_719_flushes_18.png,not_flush
SNUADC_ART_719_flushes_19.png,not_flush
SNUADC_ART_719_flushes_2.png,not_flush
SNUADC_ART_719_flushes_20.png,not_flush
SNUADC_ART_719_flushes_21.png,not_flush
SNUADC_ART_719_flushes_22.png,flush
SNUADC_ART_719_flushes_23.png,not_flush
SNUADC_ART_719_flushes_24.png,not_flush
SNUADC_ART_719_flushes_25.png,not_flush
SNUADC_ART_719_flushes_3.png,not_flush
SNUADC_ART_719_flushes_4.png,not_flush
SNUADC_ART_719_flushes_5.png,not_flush
SNUADC_ART_719_flushes_6.png,not_flush
SNUADC_ART_719_flushes_7.png,not_flush
SNUADC_ART_719_flushes_8.png,not_flush
SNUADC_ART_719_flushes_9.png,not_flush
SNUADC_ART_721_flushes_0.png,not_flush
SNUADC_ART_721_flushes_1.png,flush
SNUADC_ART_721_flushes_2.png,flush
SNUADC_ART_722_flushes_0.png,not_flush
SNUADC_ART_722_flushes_1.png,flush
SNUADC_ART_722_flushes_2.png,not_flush
SNUADC_ART_722_flushes_3.png,not_flush
SNUADC_ART_722_flushes_4.png,not_flush
SNUADC_ART_722_flushes_5.png,not_flush
SNUADC_ART_722_flushes_6.png,not_flush
SNUADC_ART_722_flushes_7.png,not_flush
SNUADC_ART_722_flushes_8.png,not_flush
SNUADC_ART_724_flushes_0.png,not_flush
SNUADC_ART_725_flushes_0.png,not_flush
SNUADC_ART_725_flushes_1.png,not_flush
SNUADC_ART_725_flushes_2.png,not_flush
SNUADC_ART_725_flushes_3.png,not_flush
SNUADC_ART_725_flushes_4.png,not_flush
SNUADC_ART_725_flushes_5.png,not_flush
SNUADC_ART_725_flushes_6.png,flush
SNUADC_ART_725_flushes_7.png,not_flush
SNUADC_ART_74_flushes_0.png,not_flush
SNUADC_ART_74_flushes_1.png,flush
SNUADC_ART_74_flushes_10.png,not_flush
SNUADC_ART_74_flushes_11.png,flush
SNUADC_ART_74_flushes_12.png,flush
SNUADC_ART_74_flushes_2.png,not_flush
SNUADC_ART_74_flushes_3.png,not_flush
SNUADC_ART_74_flushes_4.png,not_flush
SNUADC_ART_74_flushes_5.png,not_flush
SNUADC_ART_74_flushes_6.png,flush
SNUADC_ART_74_flushes_7.png,flush
SNUADC_ART_74_flushes_8.png,flush
SNUADC_ART_74_flushes_9.png,flush
SNUADC_ART_75_flushes_0.png,not_flush
SNUADC_ART_75_flushes_1.png,not_flush
SNUADC_ART_75_flushes_10.png,flush
SNUADC_ART_75_flushes_11.png,flush
SNUADC_ART_75_flushes_12.png,not_flush
SNUADC_ART_75_flushes_13.png,not_flush
SNUADC_ART_75_flushes_14.png,not_flush
SNUADC_ART_75_flushes_15.png,not_flush
SNUADC_ART_75_flushes_16.png,flush
SNUADC_ART_75_flushes_2.png,flush
SNUADC_ART_75_flushes_3.png,not_flush
SNUADC_ART_75_flushes_4.png,not_flush
SNUADC_ART_75_flushes_5.png,not_flush
SNUADC_ART_75_flushes_6.png,flush
SNUADC_ART_75_flushes_7.png,not_flush
SNUADC_ART_75_flushes_8.png,not_flush
SNUADC_ART_75_flushes_9.png,flush
SNUADC_ART_77_flushes_0.png,not_flush
SNUADC_ART_77_flushes_1.png,not_flush
SNUADC_ART_77_flushes_2.png,not_flush
SNUADC_ART_77_flushes_3.png,flush
SNUADC_ART_79_flushes_0.png,not_flush
SNUADC_ART_79_flushes_1.png,flush
SNUADC_ART_79_flushes_2.png,not_flush
SNUADC_ART_79_flushes_3.png,flush
SNUADC_ART_79_flushes_4.png,not_flush
SNUADC_ART_79_flushes_5.png,flush
SNUADC_ART_79_flushes_6.png,not_flush
SNUADC_ART_79_flushes_7.png,not_flush
SNUADC_ART_79_flushes_8.png,flush
SNUADC_ART_7_flushes_0.png,not_flush
SNUADC_ART_7_flushes_1.png,not_flush
SNUADC_ART_7_flushes_10.png,not_flush
SNUADC_ART_7_flushes_2.png,not_flush
SNUADC_ART_7_flushes_3.png,flush
SNUADC_ART_7_flushes_4.png,not_flush
SNUADC_ART_7_flushes_5.png,flush
SNUADC_ART_7_flushes_6.png,not_flush
SNUADC_ART_7_flushes_7.png,flush
SNUADC_ART_7_flushes_8.png,not_flush
SNUADC_ART_7_flushes_9.png,not_flush
SNUADC_ART_83_flushes_0.png,not_flush
SNUADC_ART_83_flushes_1.png,not_flush
SNUADC_ART_83_flushes_10.png,not_flush
SNUADC_ART_83_flushes_11.png,not_flush
SNUADC_ART_83_flushes_12.png,not_flush
SNUADC_ART_83_flushes_13.png,not_flush
SNUADC_ART_83_flushes_14.png,not_flush
SNUADC_ART_83_flushes_15.png,not_flush
SNUADC_ART_83_flushes_16.png,flush
SNUADC_ART_83_flushes_17.png,not_flush
SNUADC_ART_83_flushes_18.png,flush
SNUADC_ART_83_flushes_19.png,not_flush
SNUADC_ART_83_flushes_2.png,flush
SNUADC_ART_83_flushes_20.png,flush
SNUADC_ART_83_flushes_21.png,not_flush
SNUADC_ART_83_flushes_22.png,not_flush
SNUADC_ART_83_flushes_23.png,flush
SNUADC_ART_83_flushes_24.png,not_flush
SNUADC_ART_83_flushes_25.png,flush
SNUADC_ART_83_flushes_26.png,not_flush
SNUADC_ART_83_flushes_27.png,not_flush
SNUADC_ART_83_flushes_28.png,not_flush
SNUADC_ART_83_flushes_29.png,flush
SNUADC_ART_83_flushes_3.png,not_flush
SNUADC_ART_83_flushes_30.png,not_flush
SNUADC_ART_83_flushes_31.png,flush
SNUADC_ART_83_flushes_32.png,not_flush
SNUADC_ART_83_flushes_33.png,flush
SNUADC_ART_83_flushes_34.png,not_flush
SNUADC_ART_83_flushes_35.png,flush
SNUADC_ART_83_flushes_36.png,not_flush
SNUADC_ART_83_flushes_37.png,flush
SNUADC_ART_83_flushes_38.png,not_flush
SNUADC_ART_83_flushes_39.png,not_flush
SNUADC_ART_83_flushes_4.png,flush
SNUADC_ART_83_flushes_40.png,not_flush
SNUADC_ART_83_flushes_41.png,flush
SNUADC_ART_83_flushes_42.png,not_flush
SNUADC_ART_83_flushes_43.png,flush
SNUADC_ART_83_flushes_44.png,not_flush
SNUADC_ART_83_flushes_45.png,flush
SNUADC_ART_83_flushes_46.png,not_flush
SNUADC_ART_83_flushes_47.png,not_flush
SNUADC_ART_83_flushes_48.png,flush
SNUADC_ART_83_flushes_49.png,not_flush
SNUADC_ART_83_flushes_5.png,flush
SNUADC_ART_83_flushes_50.png,not_flush
SNUADC_ART_83_flushes_51.png,not_flush
SNUADC_ART_83_flushes_52.png,not_flush
SNUADC_ART_83_flushes_53.png,not_flush
SNUADC_ART_83_flushes_54.png,not_flush
SNUADC_ART_83_flushes_55.png,flush
SNUADC_ART_83_flushes_56.png,flush
SNUADC_ART_83_flushes_57.png,not_flush
SNUADC_ART_83_flushes_58.png,not_flush
SNUADC_ART_83_flushes_59.png,not_flush
SNUADC_ART_83_flushes_6.png,not_flush
SNUADC_ART_83_flushes_60.png,flush
SNUADC_ART_83_flushes_61.png,not_flush
SNUADC_ART_83_flushes_62.png,not_flush
SNUADC_ART_83_flushes_63.png,not_flush
SNUADC_ART_83_flushes_7.png,flush
SNUADC_ART_83_flushes_8.png,not_flush
SNUADC_ART_83_flushes_9.png,not_flush
SNUADC_ART_87_flushes_0.png,not_flush
SNUADC_ART_87_flushes_1.png,not_flush
SNUADC_ART_87_flushes_2.png,not_flush
SNUADC_ART_87_flushes_3.png,not_flush
SNUADC_ART_87_flushes_4.png,not_flush
SNUADC_ART_87_flushes_5.png,not_flush
SNUADC_ART_87_flushes_6.png,flush
SNUADC_ART_87_flushes_7.png,not_flush
SNUADC_ART_87_flushes_8.png,not_flush
SNUADC_ART_87_flushes_9.png,not_flush
SNUADC_ART_89_flushes_0.png,not_flush
SNUADC_ART_89_flushes_1.png,not_flush
SNUADC_ART_89_flushes_10.png,not_flush
SNUADC_ART_89_flushes_11.png,not_flush
SNUADC_ART_89_flushes_2.png,not_flush
SNUADC_ART_89_flushes_3.png,not_flush
SNUADC_ART_89_flushes_4.png,not_flush
SNUADC_ART_89_flushes_5.png,not_flush
SNUADC_ART_89_flushes_6.png,not_flush
SNUADC_ART_89_flushes_7.png,not_flush
SNUADC_ART_89_flushes_8.png,not_flush
SNUADC_ART_89_flushes_9.png,not_flush
SNUADC_ART_92_flushes_0.png,not_flush
SNUADC_ART_92_flushes_1.png,not_flush
SNUADC_ART_92_flushes_2.png,not_flush
SNUADC_ART_92_flushes_3.png,not_flush
SNUADC_ART_93_flushes_0.png,not_flush
SNUADC_ART_94_flushes_0.png,not_flush
SNUADC_ART_94_flushes_1.png,flush
SNUADC_ART_94_flushes_10.png,not_flush
SNUADC_ART_94_flushes_2.png,not_flush
SNUADC_ART_94_flushes_3.png,not_flush
SNUADC_ART_94_flushes_4.png,not_flush
SNUADC_ART_94_flushes_5.png,not_flush
SNUADC_ART_94_flushes_6.png,flush
SNUADC_ART_94_flushes_7.png,not_flush
SNUADC_ART_94_flushes_8.png,flush
SNUADC_ART_94_flushes_9.png,not_flush
SNUADC_ART_96_flushes_0.png,flush
SNUADC_ART_96_flushes_1.png,not_flush
SNUADC_ART_96_flushes_10.png,flush
SNUADC_ART_96_flushes_11.png,flush
SNUADC_ART_96_flushes_12.png,not_flush
SNUADC_ART_96_flushes_13.png,not_flush
SNUADC_ART_96_flushes_14.png,flush
SNUADC_ART_96_flushes_2.png,not_flush
SNUADC_ART_96_flushes_3.png,flush
SNUADC_ART_96_flushes_4.png,flush
SNUADC_ART_96_flushes_5.png,not_flush
SNUADC_ART_96_flushes_6.png,not_flush
SNUADC_ART_96_flushes_7.png,flush
SNUADC_ART_96_flushes_8.png,not_flush
SNUADC_ART_96_flushes_9.png,flush
SNUADC_ART_97_flushes_0.png,not_flush
SNUADC_ART_97_flushes_1.png,flush
SNUADC_ART_97_flushes_10.png,not_flush
SNUADC_ART_97_flushes_11.png,flush
SNUADC_ART_97_flushes_12.png,not_flush
SNUADC_ART_97_flushes_13.png,flush
SNUADC_ART_97_flushes_14.png,not_flush
SNUADC_ART_97_flushes_15.png,flush
SNUADC_ART_97_flushes_16.png,not_flush
SNUADC_ART_97_flushes_17.png,flush
SNUADC_ART_97_flushes_18.png,not_flush
SNUADC_ART_97_flushes_19.png,flush
SNUADC_ART_97_flushes_2.png,not_flush
SNUADC_ART_97_flushes_20.png,not_flush
SNUADC_ART_97_flushes_21.png,not_flush
SNUADC_ART_97_flushes_22.png,flush
SNUADC_ART_97_flushes_23.png,not_flush
SNUADC_ART_97_flushes_24.png,flush
SNUADC_ART_97_flushes_25.png,not_flush
SNUADC_ART_97_flushes_26.png,flush
SNUADC_ART_97_flushes_27.png,flush
SNUADC_ART_97_flushes_28.png,not_flush
SNUADC_ART_97_flushes_29.png,flush
SNUADC_ART_97_flushes_3.png,not_flush
SNUADC_ART_97_flushes_30.png,flush
SNUADC_ART_97_flushes_31.png,not_flush
SNUADC_ART_97_flushes_32.png,flush
SNUADC_ART_97_flushes_33.png,not_flush
SNUADC_ART_97_flushes_34.png,flush
SNUADC_ART_97_flushes_35.png,not_flush
SNUADC_ART_97_flushes_36.png,flush
SNUADC_ART_97_flushes_37.png,not_flush
SNUADC_ART_97_flushes_38.png,flush
SNUADC_ART_97_flushes_39.png,not_flush
SNUADC_ART_97_flushes_4.png,not_flush
SNUADC_ART_97_flushes_40.png,flush
SNUADC_ART_97_flushes_41.png,not_flush
SNUADC_ART_97_flushes_42.png,flush
SNUADC_ART_97_flushes_43.png,not_flush
SNUADC_ART_97_flushes_44.png,flush
SNUADC_ART_97_flushes_45.png,not_flush
SNUADC_ART_97_flushes_46.png,flush
SNUADC_ART_97_flushes_47.png,not_flush
SNUADC_ART_97_flushes_48.png,not_flush
SNUADC_ART_97_flushes_49.png,not_flush
SNUADC_ART_97_flushes_5.png,not_flush
SNUADC_ART_97_flushes_50.png,flush
SNUADC_ART_97_flushes_51.png,not_flush
SNUADC_ART_97_flushes_52.png,flush
SNUADC_ART_97_flushes_6.png,not_flush
SNUADC_ART_97_flushes_7.png,flush
SNUADC_ART_97_flushes_8.png,not_flush
SNUADC_ART_97_flushes_9.png,not_flush
SNUADC_ART_98_flushes_0.png,not_flush
SNUADC_ART_98_flushes_1.png,not_flush
SNUADC_ART_98_flushes_10.png,not_flush
SNUADC_ART_98_flushes_11.png,flush
SNUADC_ART_98_flushes_12.png,not_flush
SNUADC_ART_98_flushes_13.png,not_flush
SNUADC_ART_98_flushes_14.png,not_flush
SNUADC_ART_98_flushes_2.png,not_flush
SNUADC_ART_98_flushes_3.png,not_flush
SNUADC_ART_98_flushes_4.png,not_flush
SNUADC_ART_98_flushes_5.png,not_flush
SNUADC_ART_98_flushes_6.png,not_flush
SNUADC_ART_98_flushes_7.png,not_flush
SNUADC_ART_98_flushes_8.png,not_flush
SNUADC_ART_98_flushes_9.png,flush
